document_uri,reference_date,person_href,speaker,law,chamber,stage_title,n_participations,electoral_pact,electoral_quota_party,bancada_at_date,militancy_at_date,bloc_party,basis,confidence,proposed_resolution,resolution,review_flag,evidence_url,evidence_note,reviewed_by,reviewed_at
http://datos.bcn.cl/recurso/cl/documento/696951,2022-01-24,http://datos.bcn.cl/recurso/persona/4512,alejandro guillier alvarez,ley_21419,Senado,2.3. Discusión en Sala,1,Nueva Mayoría (elección senatorial 2013),Partido Radical Socialdemócrata (Ind-PRSD),,Independiente (militó en el Partido Progresista entre jun. y el 29-08-2021),Partido Radical Socialdemócrata,cupo,media,confirmed,confirmed,Confianza media.,https://www.bcn.cl/historiapolitica/resenas_parlamentarias/wiki/Alejandro_René_Eleodoro_Guillier_Álvarez | https://es.wikipedia.org/wiki/LV_periodo_legislativo_del_Congreso_Nacional_de_Chile,"Wikipedia LV: IND-PR, electo como independiente de la Nueva Mayoría. BCN: apoyado por el PRSD en 2013. Comité senatorial de enero de 2022 no documentado.",Ismael Aguayo,2026-09-29
http://datos.bcn.cl/recurso/cl/documento/698998,2022-01-26,http://datos.bcn.cl/recurso/persona/4558,alvaro jorge carter fernandez,ley_21419,Cámara,3.1. Discusión en Sala,1,Chile Vamos (elección 2017),Partido Unión Demócrata Independiente (Ind-UDI),Comité Unión Demócrata Independiente,Independiente (renunció a la UDI en julio de 2020),Partido Unión Demócrata Independiente,bancada,alta,confirmed,confirmed,,https://www.bcn.cl/historiapolitica/resenas_parlamentarias/wiki/Álvaro_Jorge_Carter_Fernández | https://es.wikipedia.org/wiki/LV_periodo_legislativo_del_Congreso_Nacional_de_Chile,BCN: asumió el 11-03-2018 por el Distrito 12 (periodo 2018-2022) y formó parte del comité UDI. No es un error de identidad: marzo de 2022 fue su segundo periodo.,Ismael Aguayo,2026-09-29
http://datos.bcn.cl/recurso/cl/documento/696951,2022-01-24,http://datos.bcn.cl/recurso/persona/1274,carlos bianchi chelech,ley_21419,Senado,2.3. Discusión en Sala,4,Independiente fuera de pacto (elección senatorial 2013),Independiente fuera de pacto,,Independiente,,none,media,nonpartisan,nonpartisan,Confianza media.,https://www.bcn.cl/historiapolitica/resenas_parlamentarias/wiki/Carlos_Antonio_Karim_Bianchi_Chelech,BCN: reelecto senador en 2013 como independiente fuera de pacto. Comité senatorial de enero de 2022 no documentado.,Ismael Aguayo,2026-09-29
http://datos.bcn.cl/recurso/cl/documento/696951,2022-01-24,http://datos.bcn.cl/recurso/persona/4593,carmen gloria aravena acuna,ley_21419,Senado,2.3. Discusión en Sala,1,Chile Vamos (elección 2017),Partido Evolución Política (electa como militante de Evópoli),Comité Renovación Nacional e Independientes (desde abril de 2019),Independiente (renunció a Evópoli en abril de 2019),Partido Renovación Nacional,bancada,alta,confirmed,confirmed,,https://www.bcn.cl/historiapolitica/resenas_parlamentarias/wiki/Carmen_Gloria_Aravena_Acuña | https://es.wikipedia.org/wiki/LV_periodo_legislativo_del_Congreso_Nacional_de_Chile,Wikipedia LV: renunció a Evópoli en abril de 2019 y se trasladó al comité de RN. BCN: subjefa de los comités RN e Independientes.,Ismael Aguayo,2026-09-29
http://datos.bcn.cl/recurso/cl/documento/698998,2022-01-26,http://datos.bcn.cl/recurso/persona/4617,diego ignacio schalper sepulveda,ley_21419,Cámara,3.1. Discusión en Sala,1,Chile Vamos (elección 2017),Partido Renovación Nacional (2017: independiente en la lista RN),Comité Renovación Nacional,Militante de RN desde 2018 (probable error BCN),Partido Renovación Nacional,bancada,alta,confirmed,confirmed,Militancia: la BCN dice Independiente pero era militante RN (probable error BCN).,https://es.wikipedia.org/wiki/Diego_Schalper | https://www.emol.com/noticias/Nacional/2021/06/20/1024441/nueva-directiva-rn-triunfo-chahuan.html,Wikipedia: RN desde 2018 e integró el comité de RN. Emol 20-06-2021: electo secretario general de RN. La etiqueta Independiente de la BCN parece un error.,Ismael Aguayo,2026-09-29
http://datos.bcn.cl/recurso/cl/documento/696951,2022-01-24,http://datos.bcn.cl/recurso/persona/4588,juan enrique castro prieto,ley_21419,Senado,2.3. Discusión en Sala,1,Chile Vamos,Partido Renovación Nacional (IND-RN),Comité Renovación Nacional e Independientes (renuncia a él el 04-06-2024),Independiente (renunció a RN el 11-03-2021),Partido Renovación Nacional,bancada,alta,confirmed,confirmed,,https://www.bcn.cl/historiapolitica/resenas_biograficas/wiki/Juan_Enrique_Castro_Prieto | https://es.wikipedia.org/wiki/Elecciones_parlamentarias_de_Chile_de_2017,"BCN: electo senador en 2017 (Maule) como independiente en cupo RN, Chile Vamos; renuncia a RN el 11-03-2021; el 04-06-2024 renuncia al Comité RN e Independientes y pasa a la bancada del PSC.",Ismael Aguayo,2026-09-29
http://datos.bcn.cl/recurso/cl/documento/697505,2022-01-03,http://datos.bcn.cl/recurso/persona/4605,karim antonio bianchi retamales,ley_21419,Cámara,1.7. Discusión en Sala,1,La Fuerza de la Mayoría,Partido Radical Socialdemócrata (IND-PRSD),Comité Parlamentario Radical-Independientes (periodo 2018-2022; sin fechas),Independiente,Partido Radical Socialdemócrata,bancada,media,confirmed,confirmed,Confianza media.,https://www.bcn.cl/historiapolitica/resenas_biograficas/wiki/Karim_Antonio_Bianchi_Retamales | https://es.wikipedia.org/wiki/Elecciones_parlamentarias_de_Chile_de_2017,"BCN: diputado 2018-2022 electo independiente en cupo PRSD, La Fuerza de la Mayoría; formó parte del Comité Parlamentario Radical-Independientes (sin fechas). En ago-2021 postuló al Senado como independiente fuera de pacto.",Ismael Aguayo,2026-09-29
http://datos.bcn.cl/recurso/cl/documento/697505,2022-01-03,http://datos.bcn.cl/recurso/persona/4608,leonidas andres romero saez,ley_21419,Cámara,1.7. Discusión en Sala,1,Chile Vamos,Partido Renovación Nacional (electo como militante RN en 2017),,Independiente (renunció a RN el 28-12-2021),Partido Renovación Nacional,cupo,media,confirmed,confirmed,Confianza media.,https://www.bcn.cl/historiapolitica/resenas_biograficas/wiki/Leonidas_Andrés_Romero_Sáez | https://www.biobiochile.cl/noticias/nacional/chile/2021/12/29/diputado-romero-sale-de-rn-y-se-incorpora-a-republicanos-quiere-retorno-de-kaiser-y-de-la-carrera.shtml,"BCN: electo en 2017 en Chile Vamos por RN; renuncia a RN el 28-12-2021. BioBio 29-12-2021: anuncia que integrará la bancada republicana, sin fecha efectiva. Bancada en la fecha no documentada.",Ismael Aguayo,2026-09-29
http://datos.bcn.cl/recurso/cl/documento/697505,2022-01-03,http://datos.bcn.cl/recurso/persona/1390,pepe auth stewart,ley_21419,Cámara,1.7. Discusión en Sala,1,La Fuerza de la Mayoría,Partido Radical Socialdemócrata (IND-PR según Wikipedia),Comité Demócrata Cristiano (ingresa en enero de 2020 como independiente),Independiente (renunció al PPD en 2016),Partido Demócrata Cristiano,bancada,media,confirmed,confirmed,Confianza media.,https://www.bcn.cl/historiapolitica/resenas_biograficas/wiki/Pepe_Auth_Stewart | https://www.eldinamo.cl/pais/2020/01/03/diputados-renunciados-del-pr-se-sumaran-al-comite-de-la-dc/,BCN: bancada PR hasta dic-2019; en enero de 2020 ingresó a la bancada DC como independiente; no se documenta salida posterior (se infiere continuidad hasta mar-2022).,Ismael Aguayo,2026-09-29
http://datos.bcn.cl/recurso/cl/documento/698998,2022-01-26,http://datos.bcn.cl/recurso/persona/1390,pepe auth stewart,ley_21419,Cámara,3.1. Discusión en Sala,1,La Fuerza de la Mayoría,Partido Radical Socialdemócrata (IND-PR según Wikipedia),Comité Demócrata Cristiano (desde enero de 2020),Independiente,Partido Demócrata Cristiano,bancada,media,confirmed,confirmed,Confianza media.,https://www.bcn.cl/historiapolitica/resenas_biograficas/wiki/Pepe_Auth_Stewart,Igual que la fila anterior.,Ismael Aguayo,2026-09-29
http://datos.bcn.cl/recurso/cl/documento/697505,2022-01-03,http://datos.bcn.cl/recurso/persona/135,rene alinco bustos,ley_21419,Cámara,1.7. Discusión en Sala,1,La Fuerza de la Mayoría,Partido Por la Democracia (IND-PPD),,Independiente,Partido Por la Democracia,cupo,media,confirmed,confirmed,Alinco: bancada no documentada tras su expulsión del PPD. Confianza media.,https://www.bcn.cl/historiapolitica/resenas_biograficas/wiki/René_Alinco_Bustos | https://es.wikipedia.org/wiki/Elecciones_parlamentarias_de_Chile_de_2017,"BCN: electo en 2017 independiente en cupo PPD, La Fuerza de la Mayoría. Comité 2018-2022 no documentado con fechas.",Ismael Aguayo,2026-09-29
http://datos.bcn.cl/recurso/cl/documento/696951,2022-01-24,,Rodrigo Cerda Norambuena,ley_21419,Senado,2.3. Discusión en Sala,,,,,Independiente,Partido Unión Demócrata Independiente,cercania,media,confirmed,confirmed,Ejecutivo: asignado por cercanía partidaria; cercanía descrita por una sola fuente.,https://www.df.cl/economia-y-politica/macro/chuncho-mateo-y-pupilo-de-felipe-larrain-quien-es-rodrigo-cerda-el,"Ejecutivo (Ministro de Hacienda, gobierno de Piñera). Diario Financiero: «Independiente cercano a la UDI». La Tercera recuerda su militancia DC en la universidad (años noventa). Se asigna por cercanía, sin afirmar militancia.",Ismael Aguayo,2026-09-29
http://datos.bcn.cl/recurso/cl/documento/698998,2022-01-26,,Rodrigo Cerda Norambuena,ley_21419,Cámara,3.1. Discusión en Sala,,,,,Independiente,Partido Unión Demócrata Independiente,cercania,media,confirmed,confirmed,Ejecutivo: asignado por cercanía partidaria; cercanía descrita por una sola fuente.,https://www.df.cl/economia-y-politica/macro/chuncho-mateo-y-pupilo-de-felipe-larrain-quien-es-rodrigo-cerda-el,"Ejecutivo (Ministro de Hacienda, gobierno de Piñera). Diario Financiero: «Independiente cercano a la UDI». La Tercera recuerda su militancia DC en la universidad (años noventa). Se asigna por cercanía, sin afirmar militancia.",Ismael Aguayo,2026-09-29
http://datos.bcn.cl/recurso/cl/documento/698998,2022-01-26,http://datos.bcn.cl/recurso/persona/3270,karla elizabeth rubilar barahona,ley_21419,Cámara,3.1. Discusión en Sala,,,,,Independiente,Partido Renovación Nacional,cercania,baja,confirmed,confirmed,Ejecutivo: asignado por decisión del investigador; cercanía no documentada en 2022.,https://www.bcn.cl/historiapolitica/resenas_biograficas/wiki/Karla_Rubilar_Barahona,"BCN: exmilitante RN (renuncia el 07-01-2014), independiente desde 2015; ministra de Desarrollo Social del gobierno de Piñera (2020-2022); en 2024 candidata independiente en representación de Chile Vamos. Se asigna a RN por decisión del investigador, sin afirmar militancia.",Ismael Aguayo,2026-09-29
