law,stage,concept_id,intervenciones_con_concepto,intervenciones,proporcion,concept_label,short_label
Ley 21.419,Primer Trámite Constitucional,actitud,0,37,0,Actitud del beneficiario,Actitud del beneficiario
Ley 21.419,Primer Trámite Constitucional,acuerdos_moderacion,4,37,0.10810810810810811,Acuerdos y moderación democrática,"Acuerdos y moderación
democrática"
Ley 21.419,Primer Trámite Constitucional,capitalizacion_individual,4,37,0.10810810810810811,Capitalización individual como regla de autofinanciamiento,"Capitalización
individual como regla de
autofinanciamiento"
Ley 21.419,Primer Trámite Constitucional,conciencia_costos,11,37,0.2972972972972973,Conciencia de costos como restricción de gasto,"Conciencia de costos como
restricción de gasto"
Ley 21.419,Primer Trámite Constitucional,control_responsabilidad_individual,1,37,0.02702702702702703,Control y responsabilidad individual,"Control y responsabilidad
individual"
Ley 21.419,Primer Trámite Constitucional,identidad,2,37,0.05405405405405406,Identidad y pertenencia grupal,"Identidad y pertenencia
grupal"
Ley 21.419,Primer Trámite Constitucional,igualdad_universalismo,10,37,0.2702702702702703,Igualdad y universalismo,Igualdad y universalismo
Ley 21.419,Primer Trámite Constitucional,ilegitimidad_origen_dictatorial,0,37,0,Ilegitimidad del origen dictatorial,"Ilegitimidad del origen
dictatorial"
Ley 21.419,Primer Trámite Constitucional,ineficiencia_estado,0,37,0,Ineficiencia y riesgo estatal,"Ineficiencia y riesgo
estatal"
Ley 21.419,Primer Trámite Constitucional,libertad_eleccion_previsional,0,37,0,Libertad de elección previsional,"Libertad de elección
previsional"
Ley 21.419,Primer Trámite Constitucional,necesidad_material,20,37,0.5405405405405406,Necesidad material,Necesidad material
Ley 21.419,Primer Trámite Constitucional,prevision_como_mercado,7,37,0.1891891891891892,"Previsión como mercado, negocio e incentivos","Previsión como mercado,
negocio e incentivos"
Ley 21.419,Primer Trámite Constitucional,propiedad_individual_fondos,1,37,0.02702702702702703,Propiedad individual de los fondos,"Propiedad individual de
los fondos"
Ley 21.419,Primer Trámite Constitucional,reciprocidad_contributiva,4,37,0.10810810810810811,Reciprocidad contributiva,Reciprocidad contributiva
Ley 21.419,Primer Trámite Constitucional,solidaridad_intergeneracional,0,37,0,Solidaridad intergeneracional,"Solidaridad
intergeneracional"
Ley 21.419,Primer Trámite Constitucional,solidaridad_previsional_colectiva,4,37,0.10810810810810811,Solidaridad como deber colectivo,"Solidaridad como deber
colectivo"
Ley 21.419,Segundo Trámite Constitucional,actitud,0,55,0,Actitud del beneficiario,Actitud del beneficiario
Ley 21.419,Segundo Trámite Constitucional,acuerdos_moderacion,16,55,0.2909090909090909,Acuerdos y moderación democrática,"Acuerdos y moderación
democrática"
Ley 21.419,Segundo Trámite Constitucional,capitalizacion_individual,6,55,0.10909090909090909,Capitalización individual como regla de autofinanciamiento,"Capitalización
individual como regla de
autofinanciamiento"
Ley 21.419,Segundo Trámite Constitucional,conciencia_costos,12,55,0.21818181818181817,Conciencia de costos como restricción de gasto,"Conciencia de costos como
restricción de gasto"
Ley 21.419,Segundo Trámite Constitucional,control_responsabilidad_individual,0,55,0,Control y responsabilidad individual,"Control y responsabilidad
individual"
Ley 21.419,Segundo Trámite Constitucional,identidad,4,55,0.07272727272727272,Identidad y pertenencia grupal,"Identidad y pertenencia
grupal"
Ley 21.419,Segundo Trámite Constitucional,igualdad_universalismo,20,55,0.36363636363636365,Igualdad y universalismo,Igualdad y universalismo
Ley 21.419,Segundo Trámite Constitucional,ilegitimidad_origen_dictatorial,2,55,0.03636363636363636,Ilegitimidad del origen dictatorial,"Ilegitimidad del origen
dictatorial"
Ley 21.419,Segundo Trámite Constitucional,ineficiencia_estado,0,55,0,Ineficiencia y riesgo estatal,"Ineficiencia y riesgo
estatal"
Ley 21.419,Segundo Trámite Constitucional,libertad_eleccion_previsional,1,55,0.01818181818181818,Libertad de elección previsional,"Libertad de elección
previsional"
Ley 21.419,Segundo Trámite Constitucional,necesidad_material,21,55,0.38181818181818183,Necesidad material,Necesidad material
Ley 21.419,Segundo Trámite Constitucional,prevision_como_mercado,10,55,0.18181818181818182,"Previsión como mercado, negocio e incentivos","Previsión como mercado,
negocio e incentivos"
Ley 21.419,Segundo Trámite Constitucional,propiedad_individual_fondos,2,55,0.03636363636363636,Propiedad individual de los fondos,"Propiedad individual de
los fondos"
Ley 21.419,Segundo Trámite Constitucional,reciprocidad_contributiva,11,55,0.2,Reciprocidad contributiva,Reciprocidad contributiva
Ley 21.419,Segundo Trámite Constitucional,solidaridad_intergeneracional,0,55,0,Solidaridad intergeneracional,"Solidaridad
intergeneracional"
Ley 21.419,Segundo Trámite Constitucional,solidaridad_previsional_colectiva,7,55,0.12727272727272726,Solidaridad como deber colectivo,"Solidaridad como deber
colectivo"
Ley 21.419,Tercer Trámite Constitucional,actitud,0,28,0,Actitud del beneficiario,Actitud del beneficiario
Ley 21.419,Tercer Trámite Constitucional,acuerdos_moderacion,7,28,0.25,Acuerdos y moderación democrática,"Acuerdos y moderación
democrática"
Ley 21.419,Tercer Trámite Constitucional,capitalizacion_individual,1,28,0.03571428571428571,Capitalización individual como regla de autofinanciamiento,"Capitalización
individual como regla de
autofinanciamiento"
Ley 21.419,Tercer Trámite Constitucional,conciencia_costos,7,28,0.25,Conciencia de costos como restricción de gasto,"Conciencia de costos como
restricción de gasto"
Ley 21.419,Tercer Trámite Constitucional,control_responsabilidad_individual,1,28,0.03571428571428571,Control y responsabilidad individual,"Control y responsabilidad
individual"
Ley 21.419,Tercer Trámite Constitucional,identidad,2,28,0.07142857142857142,Identidad y pertenencia grupal,"Identidad y pertenencia
grupal"
Ley 21.419,Tercer Trámite Constitucional,igualdad_universalismo,6,28,0.21428571428571427,Igualdad y universalismo,Igualdad y universalismo
Ley 21.419,Tercer Trámite Constitucional,ilegitimidad_origen_dictatorial,0,28,0,Ilegitimidad del origen dictatorial,"Ilegitimidad del origen
dictatorial"
Ley 21.419,Tercer Trámite Constitucional,ineficiencia_estado,0,28,0,Ineficiencia y riesgo estatal,"Ineficiencia y riesgo
estatal"
Ley 21.419,Tercer Trámite Constitucional,libertad_eleccion_previsional,1,28,0.03571428571428571,Libertad de elección previsional,"Libertad de elección
previsional"
Ley 21.419,Tercer Trámite Constitucional,necesidad_material,16,28,0.5714285714285714,Necesidad material,Necesidad material
Ley 21.419,Tercer Trámite Constitucional,prevision_como_mercado,3,28,0.10714285714285714,"Previsión como mercado, negocio e incentivos","Previsión como mercado,
negocio e incentivos"
Ley 21.419,Tercer Trámite Constitucional,propiedad_individual_fondos,0,28,0,Propiedad individual de los fondos,"Propiedad individual de
los fondos"
Ley 21.419,Tercer Trámite Constitucional,reciprocidad_contributiva,5,28,0.17857142857142858,Reciprocidad contributiva,Reciprocidad contributiva
Ley 21.419,Tercer Trámite Constitucional,solidaridad_intergeneracional,1,28,0.03571428571428571,Solidaridad intergeneracional,"Solidaridad
intergeneracional"
Ley 21.419,Tercer Trámite Constitucional,solidaridad_previsional_colectiva,3,28,0.10714285714285714,Solidaridad como deber colectivo,"Solidaridad como deber
colectivo"
Ley 21.538,Primer Trámite Constitucional,actitud,0,39,0,Actitud del beneficiario,Actitud del beneficiario
Ley 21.538,Primer Trámite Constitucional,acuerdos_moderacion,5,39,0.1282051282051282,Acuerdos y moderación democrática,"Acuerdos y moderación
democrática"
Ley 21.538,Primer Trámite Constitucional,capitalizacion_individual,0,39,0,Capitalización individual como regla de autofinanciamiento,"Capitalización
individual como regla de
autofinanciamiento"
Ley 21.538,Primer Trámite Constitucional,conciencia_costos,4,39,0.10256410256410256,Conciencia de costos como restricción de gasto,"Conciencia de costos como
restricción de gasto"
Ley 21.538,Primer Trámite Constitucional,control_responsabilidad_individual,0,39,0,Control y responsabilidad individual,"Control y responsabilidad
individual"
Ley 21.538,Primer Trámite Constitucional,identidad,7,39,0.1794871794871795,Identidad y pertenencia grupal,"Identidad y pertenencia
grupal"
Ley 21.538,Primer Trámite Constitucional,igualdad_universalismo,19,39,0.48717948717948717,Igualdad y universalismo,Igualdad y universalismo
Ley 21.538,Primer Trámite Constitucional,ilegitimidad_origen_dictatorial,1,39,0.02564102564102564,Ilegitimidad del origen dictatorial,"Ilegitimidad del origen
dictatorial"
Ley 21.538,Primer Trámite Constitucional,ineficiencia_estado,0,39,0,Ineficiencia y riesgo estatal,"Ineficiencia y riesgo
estatal"
Ley 21.538,Primer Trámite Constitucional,libertad_eleccion_previsional,2,39,0.05128205128205128,Libertad de elección previsional,"Libertad de elección
previsional"
Ley 21.538,Primer Trámite Constitucional,necesidad_material,19,39,0.48717948717948717,Necesidad material,Necesidad material
Ley 21.538,Primer Trámite Constitucional,prevision_como_mercado,7,39,0.1794871794871795,"Previsión como mercado, negocio e incentivos","Previsión como mercado,
negocio e incentivos"
Ley 21.538,Primer Trámite Constitucional,propiedad_individual_fondos,0,39,0,Propiedad individual de los fondos,"Propiedad individual de
los fondos"
Ley 21.538,Primer Trámite Constitucional,reciprocidad_contributiva,10,39,0.2564102564102564,Reciprocidad contributiva,Reciprocidad contributiva
Ley 21.538,Primer Trámite Constitucional,solidaridad_intergeneracional,0,39,0,Solidaridad intergeneracional,"Solidaridad
intergeneracional"
Ley 21.538,Primer Trámite Constitucional,solidaridad_previsional_colectiva,2,39,0.05128205128205128,Solidaridad como deber colectivo,"Solidaridad como deber
colectivo"
Ley 21.538,Segundo Trámite Constitucional,actitud,0,17,0,Actitud del beneficiario,Actitud del beneficiario
Ley 21.538,Segundo Trámite Constitucional,acuerdos_moderacion,1,17,0.058823529411764705,Acuerdos y moderación democrática,"Acuerdos y moderación
democrática"
Ley 21.538,Segundo Trámite Constitucional,capitalizacion_individual,0,17,0,Capitalización individual como regla de autofinanciamiento,"Capitalización
individual como regla de
autofinanciamiento"
Ley 21.538,Segundo Trámite Constitucional,conciencia_costos,2,17,0.11764705882352941,Conciencia de costos como restricción de gasto,"Conciencia de costos como
restricción de gasto"
Ley 21.538,Segundo Trámite Constitucional,control_responsabilidad_individual,0,17,0,Control y responsabilidad individual,"Control y responsabilidad
individual"
Ley 21.538,Segundo Trámite Constitucional,identidad,3,17,0.17647058823529413,Identidad y pertenencia grupal,"Identidad y pertenencia
grupal"
Ley 21.538,Segundo Trámite Constitucional,igualdad_universalismo,8,17,0.47058823529411764,Igualdad y universalismo,Igualdad y universalismo
Ley 21.538,Segundo Trámite Constitucional,ilegitimidad_origen_dictatorial,0,17,0,Ilegitimidad del origen dictatorial,"Ilegitimidad del origen
dictatorial"
Ley 21.538,Segundo Trámite Constitucional,ineficiencia_estado,0,17,0,Ineficiencia y riesgo estatal,"Ineficiencia y riesgo
estatal"
Ley 21.538,Segundo Trámite Constitucional,libertad_eleccion_previsional,0,17,0,Libertad de elección previsional,"Libertad de elección
previsional"
Ley 21.538,Segundo Trámite Constitucional,necesidad_material,6,17,0.35294117647058826,Necesidad material,Necesidad material
Ley 21.538,Segundo Trámite Constitucional,prevision_como_mercado,1,17,0.058823529411764705,"Previsión como mercado, negocio e incentivos","Previsión como mercado,
negocio e incentivos"
Ley 21.538,Segundo Trámite Constitucional,propiedad_individual_fondos,0,17,0,Propiedad individual de los fondos,"Propiedad individual de
los fondos"
Ley 21.538,Segundo Trámite Constitucional,reciprocidad_contributiva,1,17,0.058823529411764705,Reciprocidad contributiva,Reciprocidad contributiva
Ley 21.538,Segundo Trámite Constitucional,solidaridad_intergeneracional,0,17,0,Solidaridad intergeneracional,"Solidaridad
intergeneracional"
Ley 21.538,Segundo Trámite Constitucional,solidaridad_previsional_colectiva,0,17,0,Solidaridad como deber colectivo,"Solidaridad como deber
colectivo"
Ley 21.735,Primer Trámite Constitucional,actitud,1,126,0.007936507936507936,Actitud del beneficiario,Actitud del beneficiario
Ley 21.735,Primer Trámite Constitucional,acuerdos_moderacion,29,126,0.23015873015873015,Acuerdos y moderación democrática,"Acuerdos y moderación
democrática"
Ley 21.735,Primer Trámite Constitucional,capitalizacion_individual,31,126,0.24603174603174602,Capitalización individual como regla de autofinanciamiento,"Capitalización
individual como regla de
autofinanciamiento"
Ley 21.735,Primer Trámite Constitucional,conciencia_costos,22,126,0.1746031746031746,Conciencia de costos como restricción de gasto,"Conciencia de costos como
restricción de gasto"
Ley 21.735,Primer Trámite Constitucional,control_responsabilidad_individual,2,126,0.015873015873015872,Control y responsabilidad individual,"Control y responsabilidad
individual"
Ley 21.735,Primer Trámite Constitucional,identidad,14,126,0.1111111111111111,Identidad y pertenencia grupal,"Identidad y pertenencia
grupal"
Ley 21.735,Primer Trámite Constitucional,igualdad_universalismo,16,126,0.12698412698412698,Igualdad y universalismo,Igualdad y universalismo
Ley 21.735,Primer Trámite Constitucional,ilegitimidad_origen_dictatorial,15,126,0.11904761904761904,Ilegitimidad del origen dictatorial,"Ilegitimidad del origen
dictatorial"
Ley 21.735,Primer Trámite Constitucional,ineficiencia_estado,27,126,0.21428571428571427,Ineficiencia y riesgo estatal,"Ineficiencia y riesgo
estatal"
Ley 21.735,Primer Trámite Constitucional,libertad_eleccion_previsional,17,126,0.1349206349206349,Libertad de elección previsional,"Libertad de elección
previsional"
Ley 21.735,Primer Trámite Constitucional,necesidad_material,47,126,0.373015873015873,Necesidad material,Necesidad material
Ley 21.735,Primer Trámite Constitucional,prevision_como_mercado,48,126,0.38095238095238093,"Previsión como mercado, negocio e incentivos","Previsión como mercado,
negocio e incentivos"
Ley 21.735,Primer Trámite Constitucional,propiedad_individual_fondos,30,126,0.23809523809523808,Propiedad individual de los fondos,"Propiedad individual de
los fondos"
Ley 21.735,Primer Trámite Constitucional,reciprocidad_contributiva,33,126,0.2619047619047619,Reciprocidad contributiva,Reciprocidad contributiva
Ley 21.735,Primer Trámite Constitucional,solidaridad_intergeneracional,10,126,0.07936507936507936,Solidaridad intergeneracional,"Solidaridad
intergeneracional"
Ley 21.735,Primer Trámite Constitucional,solidaridad_previsional_colectiva,10,126,0.07936507936507936,Solidaridad como deber colectivo,"Solidaridad como deber
colectivo"
Ley 21.735,Segundo Trámite Constitucional,actitud,0,67,0,Actitud del beneficiario,Actitud del beneficiario
Ley 21.735,Segundo Trámite Constitucional,acuerdos_moderacion,34,67,0.5074626865671642,Acuerdos y moderación democrática,"Acuerdos y moderación
democrática"
Ley 21.735,Segundo Trámite Constitucional,capitalizacion_individual,23,67,0.34328358208955223,Capitalización individual como regla de autofinanciamiento,"Capitalización
individual como regla de
autofinanciamiento"
Ley 21.735,Segundo Trámite Constitucional,conciencia_costos,25,67,0.373134328358209,Conciencia de costos como restricción de gasto,"Conciencia de costos como
restricción de gasto"
Ley 21.735,Segundo Trámite Constitucional,control_responsabilidad_individual,2,67,0.029850746268656716,Control y responsabilidad individual,"Control y responsabilidad
individual"
Ley 21.735,Segundo Trámite Constitucional,identidad,9,67,0.13432835820895522,Identidad y pertenencia grupal,"Identidad y pertenencia
grupal"
Ley 21.735,Segundo Trámite Constitucional,igualdad_universalismo,24,67,0.3582089552238806,Igualdad y universalismo,Igualdad y universalismo
Ley 21.735,Segundo Trámite Constitucional,ilegitimidad_origen_dictatorial,9,67,0.13432835820895522,Ilegitimidad del origen dictatorial,"Ilegitimidad del origen
dictatorial"
Ley 21.735,Segundo Trámite Constitucional,ineficiencia_estado,16,67,0.23880597014925373,Ineficiencia y riesgo estatal,"Ineficiencia y riesgo
estatal"
Ley 21.735,Segundo Trámite Constitucional,libertad_eleccion_previsional,9,67,0.13432835820895522,Libertad de elección previsional,"Libertad de elección
previsional"
Ley 21.735,Segundo Trámite Constitucional,necesidad_material,27,67,0.40298507462686567,Necesidad material,Necesidad material
Ley 21.735,Segundo Trámite Constitucional,prevision_como_mercado,39,67,0.582089552238806,"Previsión como mercado, negocio e incentivos","Previsión como mercado,
negocio e incentivos"
Ley 21.735,Segundo Trámite Constitucional,propiedad_individual_fondos,18,67,0.26865671641791045,Propiedad individual de los fondos,"Propiedad individual de
los fondos"
Ley 21.735,Segundo Trámite Constitucional,reciprocidad_contributiva,22,67,0.3283582089552239,Reciprocidad contributiva,Reciprocidad contributiva
Ley 21.735,Segundo Trámite Constitucional,solidaridad_intergeneracional,8,67,0.11940298507462686,Solidaridad intergeneracional,"Solidaridad
intergeneracional"
Ley 21.735,Segundo Trámite Constitucional,solidaridad_previsional_colectiva,7,67,0.1044776119402985,Solidaridad como deber colectivo,"Solidaridad como deber
colectivo"
Ley 21.735,Tercer Trámite Constitucional,actitud,0,139,0,Actitud del beneficiario,Actitud del beneficiario
Ley 21.735,Tercer Trámite Constitucional,acuerdos_moderacion,53,139,0.381294964028777,Acuerdos y moderación democrática,"Acuerdos y moderación
democrática"
Ley 21.735,Tercer Trámite Constitucional,capitalizacion_individual,26,139,0.18705035971223022,Capitalización individual como regla de autofinanciamiento,"Capitalización
individual como regla de
autofinanciamiento"
Ley 21.735,Tercer Trámite Constitucional,conciencia_costos,22,139,0.15827338129496402,Conciencia de costos como restricción de gasto,"Conciencia de costos como
restricción de gasto"
Ley 21.735,Tercer Trámite Constitucional,control_responsabilidad_individual,2,139,0.014388489208633094,Control y responsabilidad individual,"Control y responsabilidad
individual"
Ley 21.735,Tercer Trámite Constitucional,identidad,27,139,0.19424460431654678,Identidad y pertenencia grupal,"Identidad y pertenencia
grupal"
Ley 21.735,Tercer Trámite Constitucional,igualdad_universalismo,43,139,0.30935251798561153,Igualdad y universalismo,Igualdad y universalismo
Ley 21.735,Tercer Trámite Constitucional,ilegitimidad_origen_dictatorial,21,139,0.1510791366906475,Ilegitimidad del origen dictatorial,"Ilegitimidad del origen
dictatorial"
Ley 21.735,Tercer Trámite Constitucional,ineficiencia_estado,29,139,0.20863309352517986,Ineficiencia y riesgo estatal,"Ineficiencia y riesgo
estatal"
Ley 21.735,Tercer Trámite Constitucional,libertad_eleccion_previsional,15,139,0.1079136690647482,Libertad de elección previsional,"Libertad de elección
previsional"
Ley 21.735,Tercer Trámite Constitucional,necesidad_material,55,139,0.39568345323741005,Necesidad material,Necesidad material
Ley 21.735,Tercer Trámite Constitucional,prevision_como_mercado,68,139,0.4892086330935252,"Previsión como mercado, negocio e incentivos","Previsión como mercado,
negocio e incentivos"
Ley 21.735,Tercer Trámite Constitucional,propiedad_individual_fondos,38,139,0.2733812949640288,Propiedad individual de los fondos,"Propiedad individual de
los fondos"
Ley 21.735,Tercer Trámite Constitucional,reciprocidad_contributiva,42,139,0.302158273381295,Reciprocidad contributiva,Reciprocidad contributiva
Ley 21.735,Tercer Trámite Constitucional,solidaridad_intergeneracional,11,139,0.07913669064748201,Solidaridad intergeneracional,"Solidaridad
intergeneracional"
Ley 21.735,Tercer Trámite Constitucional,solidaridad_previsional_colectiva,8,139,0.05755395683453238,Solidaridad como deber colectivo,"Solidaridad como deber
colectivo"
