law_number,utterance_id,blocks,valid_blocks,coverage_status
21419,utt_0a2f90dd109fb6c812c8,1,1,complete
21419,utt_15f118651c5c302148eb,1,1,complete
21419,utt_16b7b86cddb71ce01df4,1,1,complete
21419,utt_289b0fb559ca74901faf,4,3,partial
21419,utt_3e385b0c423b7ec5cae7,4,2,partial
21419,utt_3fa28e82f6041a105003,7,6,partial
21419,utt_45ecc3b5aa45ae62f932,3,3,complete
21419,utt_4c53b710b40430edbd03,4,3,partial
21419,utt_5164f57b16a245992f1a,2,2,complete
21419,utt_5228501d1f6af06fbf94,3,3,complete
21419,utt_5936a765677a1e5b9dc6,7,7,complete
21419,utt_6832b5e4cbc5440edce3,7,6,partial
21419,utt_69b0104a4a86fe6c854c,1,1,complete
21419,utt_826958a471b195e53f39,11,11,complete
21419,utt_872316bf7e8593e415d3,1,1,complete
21419,utt_8c30ef5e9a7e213d9dd6,1,0,none
21419,utt_989088388c8f5eb75ab8,1,1,complete
21419,utt_a6a87dbb877aceed15ea,3,3,complete
21419,utt_b9341b57a7bc037f529c,5,4,partial
21419,utt_bde4e376c13333198b6a,11,9,partial
21419,utt_e83df4d71a02276035ec,2,1,partial
21419,utt_ebb38da6519ff7d3cdec,1,1,complete
21419,utt_ee2dac9f03e0ca62dc2e,1,1,complete
21419,utt_efe6539eeb00b9a4cdd8,24,20,partial
21419,utt_f341957cdb85912bc40f,3,3,complete
21419,utt_f5d978e1dc5bc3628dcc,8,5,partial
21419,utt_f6c61c7e8c647248f5c7,2,2,complete
21538,utt_0deedd57a4d8e7017f09,3,3,complete
21538,utt_50b5d9f8c3d8b247ce23,6,2,partial
21538,utt_5887570a9b49e010e389,2,1,partial
21538,utt_613c5c803695564e1d3e,1,1,complete
21538,utt_6bb7528fedab2e4d0bcf,1,1,complete
21538,utt_c7e697eae3fb40d7e0d7,3,3,complete
21538,utt_cbd165e541e063cf008c,5,3,partial
21538,utt_d927f4f10c458b0a4f8a,1,1,complete
21538,utt_e1a3192cd687754b80cb,7,4,partial
21538,utt_e4905a4527b414754f30,2,2,complete
21538,utt_ffc413f03c80d91e4eab,1,1,complete
21735,utt_0190986ef5f7dd25716d,1,1,complete
21735,utt_01d839029b43afc3efb7,5,3,partial
21735,utt_024ff50c232258d48119,4,4,complete
21735,utt_0472e786a412933dd014,1,1,complete
21735,utt_06d41cf1494d0e34929c,1,1,complete
21735,utt_0758c5a755aa1cb64130,1,0,none
21735,utt_0d0e8295a33ee80ff1fb,1,1,complete
21735,utt_1425f080c69204b49cb8,2,2,complete
21735,utt_1724ad8d7fe9c5a6f6c1,5,0,none
21735,utt_1e20d255a664c285e17d,2,1,partial
21735,utt_2194f4acf78658872aa5,6,4,partial
21735,utt_22fd90004234e1219166,20,16,partial
21735,utt_24afacdd9ef1540c4c4c,1,1,complete
21735,utt_26a7e9c16a8e53f39e0f,5,3,partial
21735,utt_2743b88f123922e43c25,6,5,partial
21735,utt_27fbc12c387a6b54050d,1,1,complete
21735,utt_2a9acebd81d4353ace3a,1,1,complete
21735,utt_2d25f02b3902ab9b3984,4,4,complete
21735,utt_326222f5c9b2495b47ed,4,4,complete
21735,utt_32f5ed0a43cd5f4159fe,1,1,complete
21735,utt_33ca16adf97ab8b8a383,5,2,partial
21735,utt_36aeae2e2a5a18015e24,6,5,partial
21735,utt_387282966d097911c764,1,1,complete
21735,utt_3cc31a77584c185f9a58,1,1,complete
21735,utt_3ce734835c29b694cdf6,1,1,complete
21735,utt_4389d9d793ea3e8c57b1,11,4,partial
21735,utt_4b1364d7dac7f7728cc6,10,4,partial
21735,utt_50c75c606c5355debc96,1,1,complete
21735,utt_51df79529d233ae27220,5,2,partial
21735,utt_5b072a8761eaaeb69a95,1,1,complete
21735,utt_5bf7ef17c6eb14772f4c,12,10,partial
21735,utt_61101a1951242e60694a,1,1,complete
21735,utt_61cd3a8bdadcb637e86a,1,1,complete
21735,utt_623dc9ff2111e95b6f74,1,1,complete
21735,utt_642ae8094a73ccea30cb,1,1,complete
21735,utt_656bda46536c745f8745,1,1,complete
21735,utt_65fcd885d0b7eb225e42,1,1,complete
21735,utt_66de3be2334a2c69d13e,4,3,partial
21735,utt_675e600283f378cf65c4,3,2,partial
21735,utt_68b2030a0c84dbf8d889,1,1,complete
21735,utt_69387ded88ff16da2d63,1,1,complete
21735,utt_6a18689707125b4eec6a,1,1,complete
21735,utt_6b8e3f613d4ddf0eb004,10,3,partial
21735,utt_6f7820b46d73a1324e7f,3,3,complete
21735,utt_7036b4b941b90980f209,1,1,complete
21735,utt_7193121ec43992295403,5,3,partial
21735,utt_77f763d2c27104f56672,8,6,partial
21735,utt_79ab882852be51254a74,1,1,complete
21735,utt_7be2371ab581293dc505,4,1,partial
21735,utt_7cd26b17943d4ba3d750,3,1,partial
21735,utt_7d0171f117b7fc1b127b,9,8,partial
21735,utt_91ab92c9b171b7d75a66,2,2,complete
21735,utt_9eeb64f8ebe26499dc66,1,1,complete
21735,utt_a46bfce3a955dc92c8ac,1,1,complete
21735,utt_a96c05115de991641dea,4,4,complete
21735,utt_aea0a0edf8c3e18e8fac,1,1,complete
21735,utt_aeb935d2a93de15b300b,18,14,partial
21735,utt_b51055534a89e5644eaf,15,7,partial
21735,utt_c05f8f8552140d609d43,6,2,partial
21735,utt_c6b3b58fa53732ed1db3,4,1,partial
21735,utt_c9cd9283e2919a78c862,4,4,complete
21735,utt_dcd33c4f8d8e057e3e23,1,0,none
21735,utt_e3a9eed708daa052613f,4,4,complete
21735,utt_e53d25d90d1af5b5fc85,1,1,complete
21735,utt_ea2b843f01c152f1cf0a,4,4,complete
21735,utt_eb87687f7fa41faa7efc,1,1,complete
21735,utt_f1c2f0ebc6c9a3c6aad3,1,1,complete
21735,utt_f2b241f4251af4363e28,5,3,partial
21735,utt_f7a66c00175232d0cba6,5,3,partial
21735,utt_f9920ba262dfd719cd3f,1,1,complete
21735,utt_f9a12be6ade31954e98d,1,0,none
21735,utt_fae3304bbab73b21de7a,1,1,complete
