source_row_index,document_uri,title,date,local_speaker_id,speaker_href,person_id,speaker_name,name_key,document_person_key,local_id_reused_across_people,stable_person_uses_multiple_local_ids,stable_person_has_name_conflict
0,http://datos.bcn.cl/recurso/cl/documento/700181,1.4. Discusión en Sala,2023-01-05,per59,,,,,http://datos.bcn.cl/recurso/cl/documento/700181#per59,False,False,False
0,http://datos.bcn.cl/recurso/cl/documento/700181,1.4. Discusión en Sala,2023-01-05,per70,http://datos.bcn.cl/recurso/persona/5255,5255,jorge guzman zepeda,JORGE GUZMAN ZEPEDA,http://datos.bcn.cl/recurso/cl/documento/700181#per70,False,True,False
0,http://datos.bcn.cl/recurso/cl/documento/700181,1.4. Discusión en Sala,2023-01-05,per134,http://datos.bcn.cl/recurso/persona/5256,5256,marlene perez cartes,MARLENE PEREZ CARTES,http://datos.bcn.cl/recurso/cl/documento/700181#per134,False,False,False
0,http://datos.bcn.cl/recurso/cl/documento/700181,1.4. Discusión en Sala,2023-01-05,per83,http://datos.bcn.cl/recurso/persona/5253,5253,eric aedo jeldres,ERIC AEDO JELDRES,http://datos.bcn.cl/recurso/cl/documento/700181#per83,False,True,False
0,http://datos.bcn.cl/recurso/cl/documento/700181,1.4. Discusión en Sala,2023-01-05,per117,http://datos.bcn.cl/recurso/persona/5254,5254,felix bugueno sotelo,FELIX BUGUENO SOTELO,http://datos.bcn.cl/recurso/cl/documento/700181#per117,False,False,False
0,http://datos.bcn.cl/recurso/cl/documento/700181,1.4. Discusión en Sala,2023-01-05,per100,http://datos.bcn.cl/recurso/persona/5252,5252,roberto arroyo munoz,ROBERTO ARROYO MUNOZ,http://datos.bcn.cl/recurso/cl/documento/700181#per100,False,False,False
0,http://datos.bcn.cl/recurso/cl/documento/700181,1.4. Discusión en Sala,2023-01-05,per36,http://datos.bcn.cl/recurso/persona/5250,5250,agustin matias romero leiva,AGUSTIN MATIAS ROMERO LEIVA,http://datos.bcn.cl/recurso/cl/documento/700181#per36,False,False,False
0,http://datos.bcn.cl/recurso/cl/documento/700181,1.4. Discusión en Sala,2023-01-05,per41,http://datos.bcn.cl/recurso/persona/1978,1978,jaime naranjo ortiz,JAIME NARANJO ORTIZ,http://datos.bcn.cl/recurso/cl/documento/700181#per41,False,False,False
0,http://datos.bcn.cl/recurso/cl/documento/700181,1.4. Discusión en Sala,2023-01-05,per145,http://datos.bcn.cl/recurso/persona/4585,4585,raul alfonso leiva carvajal,RAUL ALFONSO LEIVA CARVAJAL,http://datos.bcn.cl/recurso/cl/documento/700181#per145,False,False,False
0,http://datos.bcn.cl/recurso/cl/documento/700181,1.4. Discusión en Sala,2023-01-05,per106,http://datos.bcn.cl/recurso/persona/5259,5259,benjamin moreno bascur,BENJAMIN MORENO BASCUR,http://datos.bcn.cl/recurso/cl/documento/700181#per106,False,False,False
0,http://datos.bcn.cl/recurso/cl/documento/700181,1.4. Discusión en Sala,2023-01-05,per124,http://datos.bcn.cl/recurso/persona/5110,5110,erika paulina martinez osorio,ERIKA PAULINA MARTINEZ OSORIO,http://datos.bcn.cl/recurso/cl/documento/700181#per124,False,False,False
0,http://datos.bcn.cl/recurso/cl/documento/700181,1.4. Discusión en Sala,2023-01-05,per4,http://datos.bcn.cl/recurso/persona/5257,5257,felipe donoso castro,FELIPE DONOSO CASTRO,http://datos.bcn.cl/recurso/cl/documento/700181#per4,False,False,False
0,http://datos.bcn.cl/recurso/cl/documento/700181,1.4. Discusión en Sala,2023-01-05,per151,http://datos.bcn.cl/recurso/persona/4506,4506,jorge evaldo rathgeb schifferli,JORGE EVALDO RATHGEB SCHIFFERLI,http://datos.bcn.cl/recurso/cl/documento/700181#per151,False,False,False
0,http://datos.bcn.cl/recurso/cl/documento/700181,1.4. Discusión en Sala,2023-01-05,per82,http://datos.bcn.cl/recurso/persona/5258,5258,sara concha smith,SARA CONCHA SMITH,http://datos.bcn.cl/recurso/cl/documento/700181#per82,False,True,False
0,http://datos.bcn.cl/recurso/cl/documento/700181,1.4. Discusión en Sala,2023-01-05,per56,http://datos.bcn.cl/recurso/persona/5194,5194,cristian tapia ramos,CRISTIAN TAPIA RAMOS,http://datos.bcn.cl/recurso/cl/documento/700181#per56,False,False,False
0,http://datos.bcn.cl/recurso/cl/documento/700181,1.4. Discusión en Sala,2023-01-05,per175,http://datos.bcn.cl/recurso/persona/3319,3319,hector enrique campos perez,HECTOR ENRIQUE CAMPOS PEREZ,http://datos.bcn.cl/recurso/cl/documento/700181#per175,False,False,False
0,http://datos.bcn.cl/recurso/cl/documento/700181,1.4. Discusión en Sala,2023-01-05,per126,http://datos.bcn.cl/recurso/persona/5198,5198,marco sulantay olivares,MARCO SULANTAY OLIVARES,http://datos.bcn.cl/recurso/cl/documento/700181#per126,False,False,False
0,http://datos.bcn.cl/recurso/cl/documento/700181,1.4. Discusión en Sala,2023-01-05,per23,http://datos.bcn.cl/recurso/persona/4647,4647,cristian labbe,CRISTIAN LABBE,http://datos.bcn.cl/recurso/cl/documento/700181#per23,False,False,False
0,http://datos.bcn.cl/recurso/cl/documento/700181,1.4. Discusión en Sala,2023-01-05,per161,http://datos.bcn.cl/recurso/persona/5199,5199,victor pino fuentes,VICTOR PINO FUENTES,http://datos.bcn.cl/recurso/cl/documento/700181#per161,False,False,False
0,http://datos.bcn.cl/recurso/cl/documento/700181,1.4. Discusión en Sala,2023-01-05,per104,http://datos.bcn.cl/recurso/persona/5264,5264,lorena fries monleon,LORENA FRIES MONLEON,http://datos.bcn.cl/recurso/cl/documento/700181#per104,False,False,False
0,http://datos.bcn.cl/recurso/cl/documento/700181,1.4. Discusión en Sala,2023-01-05,per156,http://datos.bcn.cl/recurso/persona/5265,5265,cristobal martinez ramirez,CRISTOBAL MARTINEZ RAMIREZ,http://datos.bcn.cl/recurso/cl/documento/700181#per156,False,False,False
0,http://datos.bcn.cl/recurso/cl/documento/700181,1.4. Discusión en Sala,2023-01-05,per30,http://datos.bcn.cl/recurso/persona/362,362,mario arnello romo,MARIO ARNELLO ROMO,http://datos.bcn.cl/recurso/cl/documento/700181#per30,False,True,False
0,http://datos.bcn.cl/recurso/cl/documento/700181,1.4. Discusión en Sala,2023-01-05,per68,http://datos.bcn.cl/recurso/persona/5266,5266,emilia schneider videla,EMILIA SCHNEIDER VIDELA,http://datos.bcn.cl/recurso/cl/documento/700181#per68,False,False,False
0,http://datos.bcn.cl/recurso/cl/documento/700181,1.4. Discusión en Sala,2023-01-05,per50,http://datos.bcn.cl/recurso/persona/5267,5267,alejandra placencia cabello,ALEJANDRA PLACENCIA CABELLO,http://datos.bcn.cl/recurso/cl/documento/700181#per50,False,False,False
0,http://datos.bcn.cl/recurso/cl/documento/700181,1.4. Discusión en Sala,2023-01-05,per141,http://datos.bcn.cl/recurso/persona/5260,5260,felipe camano cardenas,FELIPE CAMANO CARDENAS,http://datos.bcn.cl/recurso/cl/documento/700181#per141,False,True,False
0,http://datos.bcn.cl/recurso/cl/documento/700181,1.4. Discusión en Sala,2023-01-05,per181,http://datos.bcn.cl/recurso/persona/167,167,alejandro santana tirachini,ALEJANDRO SANTANA TIRACHINI,http://datos.bcn.cl/recurso/cl/documento/700181#per181,False,False,False
0,http://datos.bcn.cl/recurso/cl/documento/700181,1.4. Discusión en Sala,2023-01-05,per138,http://datos.bcn.cl/recurso/persona/5261,5261,mercedes bulnes nunez,MERCEDES BULNES NUNEZ,http://datos.bcn.cl/recurso/cl/documento/700181#per138,False,False,False
0,http://datos.bcn.cl/recurso/cl/documento/700181,1.4. Discusión en Sala,2023-01-05,per125,http://datos.bcn.cl/recurso/persona/4597,4597,carmen adelaida hertz cadiz,CARMEN ADELAIDA HERTZ CADIZ,http://datos.bcn.cl/recurso/cl/documento/700181#per125,False,False,False
0,http://datos.bcn.cl/recurso/cl/documento/700181,1.4. Discusión en Sala,2023-01-05,per63,http://datos.bcn.cl/recurso/persona/5262,5262,marta bravo salinas,MARTA BRAVO SALINAS,http://datos.bcn.cl/recurso/cl/documento/700181#per63,False,False,False
0,http://datos.bcn.cl/recurso/cl/documento/700181,1.4. Discusión en Sala,2023-01-05,per143,http://datos.bcn.cl/recurso/persona/5263,5263,francisco pulgar castillo,FRANCISCO PULGAR CASTILLO,http://datos.bcn.cl/recurso/cl/documento/700181#per143,False,False,False
0,http://datos.bcn.cl/recurso/cl/documento/700181,1.4. Discusión en Sala,2023-01-05,per20,http://datos.bcn.cl/recurso/persona/4598,4598,eduardo alfredo duran salinas,EDUARDO ALFREDO DURAN SALINAS,http://datos.bcn.cl/recurso/cl/documento/700181#per20,False,False,False
0,http://datos.bcn.cl/recurso/cl/documento/700181,1.4. Discusión en Sala,2023-01-05,per3,http://datos.bcn.cl/recurso/persona/4596,4596,camila ruzlay rojas valderrama,CAMILA RUZLAY ROJAS VALDERRAMA,http://datos.bcn.cl/recurso/cl/documento/700181#per3,False,False,False
0,http://datos.bcn.cl/recurso/cl/documento/700181,1.4. Discusión en Sala,2023-01-05,per166,http://datos.bcn.cl/recurso/persona/3533,3533,gustavo ramirez vergara,GUSTAVO RAMIREZ VERGARA,http://datos.bcn.cl/recurso/cl/documento/700181#per166,False,False,False
0,http://datos.bcn.cl/recurso/cl/documento/700181,1.4. Discusión en Sala,2023-01-05,per140,http://datos.bcn.cl/recurso/persona/4594,4594,camila alejandra flores oporto,CAMILA ALEJANDRA FLORES OPORTO,http://datos.bcn.cl/recurso/cl/documento/700181#per140,False,False,False
0,http://datos.bcn.cl/recurso/cl/documento/700181,1.4. Discusión en Sala,2023-01-05,per109,http://datos.bcn.cl/recurso/persona/1782,1782,jaime mulet martinez,JAIME MULET MARTINEZ,http://datos.bcn.cl/recurso/cl/documento/700181#per109,False,False,False
0,http://datos.bcn.cl/recurso/cl/documento/700181,1.4. Discusión en Sala,2023-01-05,per144,http://datos.bcn.cl/recurso/persona/5268,5268,consuelo veloso avila,CONSUELO VELOSO AVILA,http://datos.bcn.cl/recurso/cl/documento/700181#per144,False,False,False
0,http://datos.bcn.cl/recurso/cl/documento/700181,1.4. Discusión en Sala,2023-01-05,per136,http://datos.bcn.cl/recurso/persona/5269,5269,paula labra besserer,PAULA LABRA BESSERER,http://datos.bcn.cl/recurso/cl/documento/700181#per136,False,True,False
0,http://datos.bcn.cl/recurso/cl/documento/700181,1.4. Discusión en Sala,2023-01-05,per48,http://datos.bcn.cl/recurso/persona/4519,4519,rabindranath vladimir quinteros lara,RABINDRANATH VLADIMIR QUINTEROS LARA,http://datos.bcn.cl/recurso/cl/documento/700181#per48,False,False,False
0,http://datos.bcn.cl/recurso/cl/documento/700181,1.4. Discusión en Sala,2023-01-05,per18,http://datos.bcn.cl/recurso/persona/4510,4510,daniella valentina cicardini milla,DANIELLA VALENTINA CICARDINI MILLA,http://datos.bcn.cl/recurso/cl/documento/700181#per18,False,False,False
0,http://datos.bcn.cl/recurso/cl/documento/700181,1.4. Discusión en Sala,2023-01-05,per164,http://datos.bcn.cl/recurso/persona/3831,3831,pedro pablo araya ortiz,PEDRO PABLO ARAYA ORTIZ,http://datos.bcn.cl/recurso/cl/documento/700181#per164,False,False,False
0,http://datos.bcn.cl/recurso/cl/documento/700181,1.4. Discusión en Sala,2023-01-05,per123,http://datos.bcn.cl/recurso/persona/5270,5270,gustavo benavente vergara,GUSTAVO BENAVENTE VERGARA,http://datos.bcn.cl/recurso/cl/documento/700181#per123,False,False,False
0,http://datos.bcn.cl/recurso/cl/documento/700181,1.4. Discusión en Sala,2023-01-05,per168,http://datos.bcn.cl/recurso/persona/1700,1700,cesar raul fuentes venegas,CESAR RAUL FUENTES VENEGAS,http://datos.bcn.cl/recurso/cl/documento/700181#per168,False,False,False
0,http://datos.bcn.cl/recurso/cl/documento/700181,1.4. Discusión en Sala,2023-01-05,per49,http://datos.bcn.cl/recurso/persona/4659,4659,constanza san juan standen,CONSTANZA SAN JUAN STANDEN,http://datos.bcn.cl/recurso/cl/documento/700181#per49,False,False,False
0,http://datos.bcn.cl/recurso/cl/documento/700181,1.4. Discusión en Sala,2023-01-05,per15,http://datos.bcn.cl/recurso/persona/5230,5230,luis alberto cuello pena y lillo,LUIS ALBERTO CUELLO PENA Y LILLO,http://datos.bcn.cl/recurso/cl/documento/700181#per15,False,False,False
0,http://datos.bcn.cl/recurso/cl/documento/700181,1.4. Discusión en Sala,2023-01-05,per24,http://datos.bcn.cl/recurso/persona/5233,5233,henry leal bizama,HENRY LEAL BIZAMA,http://datos.bcn.cl/recurso/cl/documento/700181#per24,False,False,False
0,http://datos.bcn.cl/recurso/cl/documento/700181,1.4. Discusión en Sala,2023-01-05,per114,http://datos.bcn.cl/recurso/persona/5234,5234,miguel becker alvear,MIGUEL BECKER ALVEAR,http://datos.bcn.cl/recurso/cl/documento/700181#per114,False,True,False
0,http://datos.bcn.cl/recurso/cl/documento/700181,1.4. Discusión en Sala,2023-01-05,per39,http://datos.bcn.cl/recurso/persona/4629,4629,raul humberto soto mardones,RAUL HUMBERTO SOTO MARDONES,http://datos.bcn.cl/recurso/cl/documento/700181#per39,False,False,False
0,http://datos.bcn.cl/recurso/cl/documento/700181,1.4. Discusión en Sala,2023-01-05,per29,http://datos.bcn.cl/recurso/persona/4628,4628,pamela jiles moreno,PAMELA JILES MORENO,http://datos.bcn.cl/recurso/cl/documento/700181#per29,False,True,False
0,http://datos.bcn.cl/recurso/cl/documento/700181,1.4. Discusión en Sala,2023-01-05,per65,http://datos.bcn.cl/recurso/persona/5231,5231,andres jouannet valderrama,ANDRES JOUANNET VALDERRAMA,http://datos.bcn.cl/recurso/cl/documento/700181#per65,False,False,False
0,http://datos.bcn.cl/recurso/cl/documento/700181,1.4. Discusión en Sala,2023-01-05,per127,http://datos.bcn.cl/recurso/persona/5232,5232,ruben dario oyarzo figueroa,RUBEN DARIO OYARZO FIGUEROA,http://datos.bcn.cl/recurso/cl/documento/700181#per127,False,True,False
0,http://datos.bcn.cl/recurso/cl/documento/700181,1.4. Discusión en Sala,2023-01-05,per120,http://datos.bcn.cl/recurso/persona/5237,5237,juan beltran silva,JUAN BELTRAN SILVA,http://datos.bcn.cl/recurso/cl/documento/700181#per120,False,False,False
0,http://datos.bcn.cl/recurso/cl/documento/700181,1.4. Discusión en Sala,2023-01-05,per163,http://datos.bcn.cl/recurso/persona/5238,5238,camila musante muller,CAMILA MUSANTE MULLER,http://datos.bcn.cl/recurso/cl/documento/700181#per163,False,False,False
0,http://datos.bcn.cl/recurso/cl/documento/700181,1.4. Discusión en Sala,2023-01-05,per5,http://datos.bcn.cl/recurso/persona/5235,5235,gloria naveillan arriagada,GLORIA NAVEILLAN ARRIAGADA,http://datos.bcn.cl/recurso/cl/documento/700181#per5,False,False,False
0,http://datos.bcn.cl/recurso/cl/documento/700181,1.4. Discusión en Sala,2023-01-05,per43,http://datos.bcn.cl/recurso/persona/4528,4528,bernardo jose berger fett,BERNARDO JOSE BERGER FETT,http://datos.bcn.cl/recurso/cl/documento/700181#per43,False,False,False
0,http://datos.bcn.cl/recurso/cl/documento/700181,1.4. Discusión en Sala,2023-01-05,per91,http://datos.bcn.cl/recurso/persona/5236,5236,jorge saffirio espinoza,JORGE SAFFIRIO ESPINOZA,http://datos.bcn.cl/recurso/cl/documento/700181#per91,False,False,False
0,http://datos.bcn.cl/recurso/cl/documento/700181,1.4. Discusión en Sala,2023-01-05,per93,http://datos.bcn.cl/recurso/persona/5239,5239,clara sagardia cabezas,CLARA SAGARDIA CABEZAS,http://datos.bcn.cl/recurso/cl/documento/700181#per93,False,False,False
0,http://datos.bcn.cl/recurso/cl/documento/700181,1.4. Discusión en Sala,2023-01-05,per61,http://datos.bcn.cl/recurso/persona/4523,4523,leonardo enrique soto ferrada,LEONARDO ENRIQUE SOTO FERRADA,http://datos.bcn.cl/recurso/cl/documento/700181#per61,False,False,False
0,http://datos.bcn.cl/recurso/cl/documento/700181,1.4. Discusión en Sala,2023-01-05,per79,http://datos.bcn.cl/recurso/persona/4520,4520,karol aida cariola oliva,KAROL AIDA CARIOLA OLIVA,http://datos.bcn.cl/recurso/cl/documento/700181#per79,False,False,False
0,http://datos.bcn.cl/recurso/cl/documento/700181,1.4. Discusión en Sala,2023-01-05,per183,http://datos.bcn.cl/recurso/persona/3273,3273,francisco javier labbe labbe,FRANCISCO JAVIER LABBE LABBE,http://datos.bcn.cl/recurso/cl/documento/700181#per183,False,False,False
0,http://datos.bcn.cl/recurso/cl/documento/700181,1.4. Discusión en Sala,2023-01-05,per139,http://datos.bcn.cl/recurso/persona/4524,4524,joaquin jose lavin leon,JOAQUIN JOSE LAVIN LEON,http://datos.bcn.cl/recurso/cl/documento/700181#per139,False,False,False
0,http://datos.bcn.cl/recurso/cl/documento/700181,1.4. Discusión en Sala,2023-01-05,per25,http://datos.bcn.cl/recurso/persona/4624,4624,juan ruben santana castillo,JUAN RUBEN SANTANA CASTILLO,http://datos.bcn.cl/recurso/cl/documento/700181#per25,False,False,False
0,http://datos.bcn.cl/recurso/cl/documento/700181,1.4. Discusión en Sala,2023-01-05,per76,http://datos.bcn.cl/recurso/persona/4621,4621,erika olivera de la fuente,ERIKA OLIVERA DE LA FUENTE,http://datos.bcn.cl/recurso/cl/documento/700181#per76,False,False,False
0,http://datos.bcn.cl/recurso/cl/documento/700181,1.4. Discusión en Sala,2023-01-05,per32,http://datos.bcn.cl/recurso/persona/4622,4622,gael fernanda yeomans araya,GAEL FERNANDA YEOMANS ARAYA,http://datos.bcn.cl/recurso/cl/documento/700181#per32,False,False,False
0,http://datos.bcn.cl/recurso/cl/documento/700181,1.4. Discusión en Sala,2023-01-05,per13,http://datos.bcn.cl/recurso/persona/5103,5103,jeannette isabel andrade ruiz,JEANNETTE ISABEL ANDRADE RUIZ,http://datos.bcn.cl/recurso/cl/documento/700181#per13,False,True,False
0,http://datos.bcn.cl/recurso/cl/documento/700181,1.4. Discusión en Sala,2023-01-05,per42,http://datos.bcn.cl/recurso/persona/4222,4222,michelle bachelet jeria,MICHELLE BACHELET JERIA,http://datos.bcn.cl/recurso/cl/documento/700181#per42,False,True,False
0,http://datos.bcn.cl/recurso/cl/documento/700181,1.4. Discusión en Sala,2023-01-05,per87,http://datos.bcn.cl/recurso/persona/5241,5241,natalia romero talguia,NATALIA ROMERO TALGUIA,http://datos.bcn.cl/recurso/cl/documento/700181#per87,False,False,False
0,http://datos.bcn.cl/recurso/cl/documento/700181,1.4. Discusión en Sala,2023-01-05,per84,http://datos.bcn.cl/recurso/persona/5242,5242,karen medina vasquez,KAREN MEDINA VASQUEZ,http://datos.bcn.cl/recurso/cl/documento/700181#per84,False,False,False
0,http://datos.bcn.cl/recurso/cl/documento/700181,1.4. Discusión en Sala,2023-01-05,per121,http://datos.bcn.cl/recurso/persona/5243,5243,marta gonzalez olea,MARTA GONZALEZ OLEA,http://datos.bcn.cl/recurso/cl/documento/700181#per121,False,False,False
0,http://datos.bcn.cl/recurso/cl/documento/700181,1.4. Discusión en Sala,2023-01-05,per152,http://datos.bcn.cl/recurso/persona/5244,5244,flor weisse novoa,FLOR WEISSE NOVOA,http://datos.bcn.cl/recurso/cl/documento/700181#per152,False,False,False
0,http://datos.bcn.cl/recurso/cl/documento/700181,1.4. Discusión en Sala,2023-01-05,per28,http://datos.bcn.cl/recurso/persona/5245,5245,alberto undurraga vicuna,ALBERTO UNDURRAGA VICUNA,http://datos.bcn.cl/recurso/cl/documento/700181#per28,False,False,False
0,http://datos.bcn.cl/recurso/cl/documento/700181,1.4. Discusión en Sala,2023-01-05,per160,http://datos.bcn.cl/recurso/persona/2993,2993,ramon alberto farias ponce,RAMON ALBERTO FARIAS PONCE,http://datos.bcn.cl/recurso/cl/documento/700181#per160,False,False,False
0,http://datos.bcn.cl/recurso/cl/documento/700181,1.4. Discusión en Sala,2023-01-05,per72,http://datos.bcn.cl/recurso/persona/5246,5246,marcela riquelme aliaga,MARCELA RIQUELME ALIAGA,http://datos.bcn.cl/recurso/cl/documento/700181#per72,False,False,False
0,http://datos.bcn.cl/recurso/cl/documento/700181,1.4. Discusión en Sala,2023-01-05,per77,http://datos.bcn.cl/recurso/persona/4880,4880,victor manuel barrera barrera,VICTOR MANUEL BARRERA BARRERA,http://datos.bcn.cl/recurso/cl/documento/700181#per77,False,False,False
0,http://datos.bcn.cl/recurso/cl/documento/700181,1.4. Discusión en Sala,2023-01-05,per81,http://datos.bcn.cl/recurso/persona/5247,5247,maria candelaria acevedo saez,MARIA CANDELARIA ACEVEDO SAEZ,http://datos.bcn.cl/recurso/cl/documento/700181#per81,False,False,False
0,http://datos.bcn.cl/recurso/cl/documento/700181,1.4. Discusión en Sala,2023-01-05,per92,http://datos.bcn.cl/recurso/persona/5248,5248,viviana delgado riquelme,VIVIANA DELGADO RIQUELME,http://datos.bcn.cl/recurso/cl/documento/700181#per92,False,False,False
0,http://datos.bcn.cl/recurso/cl/documento/700181,1.4. Discusión en Sala,2023-01-05,per184,http://datos.bcn.cl/recurso/persona/5249,5249,carla morales maldonado,CARLA MORALES MALDONADO,http://datos.bcn.cl/recurso/cl/documento/700181#per184,False,False,False
0,http://datos.bcn.cl/recurso/cl/documento/700181,1.4. Discusión en Sala,2023-01-05,per0,http://datos.bcn.cl/recurso/persona/4531,4531,vlado mirosevic verdugo,VLADO MIROSEVIC VERDUGO,http://datos.bcn.cl/recurso/cl/documento/700181#per0,False,False,False
0,http://datos.bcn.cl/recurso/cl/documento/700181,1.4. Discusión en Sala,2023-01-05,per62,http://datos.bcn.cl/recurso/persona/4534,4534,marcela ximena hernando perez,MARCELA XIMENA HERNANDO PEREZ,http://datos.bcn.cl/recurso/cl/documento/700181#per62,False,False,False
0,http://datos.bcn.cl/recurso/cl/documento/700181,1.4. Discusión en Sala,2023-01-05,per170,http://datos.bcn.cl/recurso/persona/2050,2050,miguel luis amunategui johnson,MIGUEL LUIS AMUNATEGUI JOHNSON,http://datos.bcn.cl/recurso/cl/documento/700181#per170,False,False,False
0,http://datos.bcn.cl/recurso/cl/documento/700181,1.4. Discusión en Sala,2023-01-05,per52,http://datos.bcn.cl/recurso/persona/4536,4536,gabriel boric font,GABRIEL BORIC FONT,http://datos.bcn.cl/recurso/cl/documento/700181#per52,False,True,False
0,http://datos.bcn.cl/recurso/cl/documento/700181,1.4. Discusión en Sala,2023-01-05,per90,http://datos.bcn.cl/recurso/persona/4537,4537,daniel alexander melo contreras,DANIEL ALEXANDER MELO CONTRERAS,http://datos.bcn.cl/recurso/cl/documento/700181#per90,False,False,False
0,http://datos.bcn.cl/recurso/cl/documento/700181,1.4. Discusión en Sala,2023-01-05,per172,http://datos.bcn.cl/recurso/persona/745,745,maria elena carrera villavicencio,MARIA ELENA CARRERA VILLAVICENCIO,http://datos.bcn.cl/recurso/cl/documento/700181#per172,False,False,False
0,http://datos.bcn.cl/recurso/cl/documento/700181,1.4. Discusión en Sala,2023-01-05,per135,http://datos.bcn.cl/recurso/persona/4540,4540,renzo aldo trisotti martinez,RENZO ALDO TRISOTTI MARTINEZ,http://datos.bcn.cl/recurso/cl/documento/700181#per135,False,True,False
0,http://datos.bcn.cl/recurso/cl/documento/700181,1.4. Discusión en Sala,2023-01-05,per137,http://datos.bcn.cl/recurso/persona/4607,4607,catalina perez salinas,CATALINA PEREZ SALINAS,http://datos.bcn.cl/recurso/cl/documento/700181#per137,False,False,False
0,http://datos.bcn.cl/recurso/cl/documento/700181,1.4. Discusión en Sala,2023-01-05,per150,http://datos.bcn.cl/recurso/persona/4546,4546,andres celis montt,ANDRES CELIS MONTT,http://datos.bcn.cl/recurso/cl/documento/700181#per150,False,False,False
0,http://datos.bcn.cl/recurso/cl/documento/700181,1.4. Discusión en Sala,2023-01-05,per85,http://datos.bcn.cl/recurso/persona/4608,4608,leonidas andres romero saez,LEONIDAS ANDRES ROMERO SAEZ,http://datos.bcn.cl/recurso/cl/documento/700181#per85,False,False,False
0,http://datos.bcn.cl/recurso/cl/documento/700181,1.4. Discusión en Sala,2023-01-05,per186,http://datos.bcn.cl/recurso/persona/1121,1121,juan efrain ojeda ojeda,JUAN EFRAIN OJEDA OJEDA,http://datos.bcn.cl/recurso/cl/documento/700181#per186,False,False,False
0,http://datos.bcn.cl/recurso/cl/documento/700181,1.4. Discusión en Sala,2023-01-05,per9,http://datos.bcn.cl/recurso/persona/4549,4549,cristobal urruticoechea rios,CRISTOBAL URRUTICOECHEA RIOS,http://datos.bcn.cl/recurso/cl/documento/700181#per9,False,False,False
0,http://datos.bcn.cl/recurso/cl/documento/700181,1.4. Discusión en Sala,2023-01-05,per31,http://datos.bcn.cl/recurso/persona/4548,4548,claudia nathalie mix jimenez,CLAUDIA NATHALIE MIX JIMENEZ,http://datos.bcn.cl/recurso/cl/documento/700181#per31,False,False,False
0,http://datos.bcn.cl/recurso/cl/documento/700181,1.4. Discusión en Sala,2023-01-05,per17,http://datos.bcn.cl/recurso/persona/4606,4606,juan ignacio latorre riveros,JUAN IGNACIO LATORRE RIVEROS,http://datos.bcn.cl/recurso/cl/documento/700181#per17,False,True,False
0,http://datos.bcn.cl/recurso/cl/documento/700181,1.4. Discusión en Sala,2023-01-05,per157,http://datos.bcn.cl/recurso/persona/4543,4543,juan antonio coloma alamos,JUAN ANTONIO COLOMA ALAMOS,http://datos.bcn.cl/recurso/cl/documento/700181#per157,False,False,False
0,http://datos.bcn.cl/recurso/cl/documento/700181,1.4. Discusión en Sala,2023-01-05,per179,http://datos.bcn.cl/recurso/persona/3013,3013,juan alberto garcia romero,JUAN ALBERTO GARCIA ROMERO,http://datos.bcn.cl/recurso/cl/documento/700181#per179,False,False,False
0,http://datos.bcn.cl/recurso/cl/documento/700181,1.4. Discusión en Sala,2023-01-05,per185,http://datos.bcn.cl/recurso/persona/4609,4609,marcos artemio ilabaca cerda,MARCOS ARTEMIO ILABACA CERDA,http://datos.bcn.cl/recurso/cl/documento/700181#per185,False,False,False
0,http://datos.bcn.cl/recurso/cl/documento/700181,1.4. Discusión en Sala,2023-01-05,per38,http://datos.bcn.cl/recurso/persona/4545,4545,alexis sepulveda soto,ALEXIS SEPULVEDA SOTO,http://datos.bcn.cl/recurso/cl/documento/700181#per38,False,False,False
0,http://datos.bcn.cl/recurso/cl/documento/700181,1.4. Discusión en Sala,2023-01-05,per153,http://datos.bcn.cl/recurso/persona/5201,5201,daniel manouchehri lobos,DANIEL MANOUCHEHRI LOBOS,http://datos.bcn.cl/recurso/cl/documento/700181#per153,False,True,False
0,http://datos.bcn.cl/recurso/cl/documento/700181,1.4. Discusión en Sala,2023-01-05,per113,http://datos.bcn.cl/recurso/persona/4600,4600,francesca munoz gonzalez,FRANCESCA MUNOZ GONZALEZ,http://datos.bcn.cl/recurso/cl/documento/700181#per113,False,False,False
0,http://datos.bcn.cl/recurso/cl/documento/700181,1.4. Discusión en Sala,2023-01-05,per35,http://datos.bcn.cl/recurso/persona/5200,5200,ricardo cifuentes lillo,RICARDO CIFUENTES LILLO,http://datos.bcn.cl/recurso/cl/documento/700181#per35,False,False,False
0,http://datos.bcn.cl/recurso/cl/documento/700181,1.4. Discusión en Sala,2023-01-05,per78,http://datos.bcn.cl/recurso/persona/4604,4604,jorge ivan alessandri vergara,JORGE IVAN ALESSANDRI VERGARA,http://datos.bcn.cl/recurso/cl/documento/700181#per78,False,False,False
0,http://datos.bcn.cl/recurso/cl/documento/700181,1.4. Discusión en Sala,2023-01-05,per133,http://datos.bcn.cl/recurso/persona/4603,4603,harry jurgensen rundshagen,HARRY JURGENSEN RUNDSHAGEN,http://datos.bcn.cl/recurso/cl/documento/700181#per133,False,False,False
0,http://datos.bcn.cl/recurso/cl/documento/700181,1.4. Discusión en Sala,2023-01-05,per155,http://datos.bcn.cl/recurso/persona/4602,4602,gonzalo rodolfo winter etcheberry,GONZALO RODOLFO WINTER ETCHEBERRY,http://datos.bcn.cl/recurso/cl/documento/700181#per155,False,False,False
0,http://datos.bcn.cl/recurso/cl/documento/700181,1.4. Discusión en Sala,2023-01-05,per119,http://datos.bcn.cl/recurso/persona/5209,5209,daniela serrano salazar,DANIELA SERRANO SALAZAR,http://datos.bcn.cl/recurso/cl/documento/700181#per119,False,False,False
0,http://datos.bcn.cl/recurso/cl/documento/700181,1.4. Discusión en Sala,2023-01-05,per97,http://datos.bcn.cl/recurso/persona/5208,5208,monica arce castro,MONICA ARCE CASTRO,http://datos.bcn.cl/recurso/cl/documento/700181#per97,False,False,False
0,http://datos.bcn.cl/recurso/cl/documento/700181,1.4. Discusión en Sala,2023-01-05,per182,http://datos.bcn.cl/recurso/persona/276,276,silvia alessandri montes,SILVIA ALESSANDRI MONTES,http://datos.bcn.cl/recurso/cl/documento/700181#per182,False,False,False
0,http://datos.bcn.cl/recurso/cl/documento/700181,1.4. Discusión en Sala,2023-01-05,per130,http://datos.bcn.cl/recurso/persona/5207,5207,hernan palma perez,HERNAN PALMA PEREZ,http://datos.bcn.cl/recurso/cl/documento/700181#per130,False,False,False
0,http://datos.bcn.cl/recurso/cl/documento/700181,1.4. Discusión en Sala,2023-01-05,per75,http://datos.bcn.cl/recurso/persona/5206,5206,carolina tello rojas,CAROLINA TELLO ROJAS,http://datos.bcn.cl/recurso/cl/documento/700181#per75,False,False,False
0,http://datos.bcn.cl/recurso/cl/documento/700181,1.4. Discusión en Sala,2023-01-05,per53,http://datos.bcn.cl/recurso/persona/5205,5205,nathalie castillo rojas,NATHALIE CASTILLO ROJAS,http://datos.bcn.cl/recurso/cl/documento/700181#per53,False,False,False
0,http://datos.bcn.cl/recurso/cl/documento/700181,1.4. Discusión en Sala,2023-01-05,per149,http://datos.bcn.cl/recurso/persona/5204,5204,marcia raphael mora,MARCIA RAPHAEL MORA,http://datos.bcn.cl/recurso/cl/documento/700181#per149,False,False,False
0,http://datos.bcn.cl/recurso/cl/documento/700181,1.4. Discusión en Sala,2023-01-05,per94,http://datos.bcn.cl/recurso/persona/5203,5203,cristian araya lerdo de tejada,CRISTIAN ARAYA LERDO DE TEJADA,http://datos.bcn.cl/recurso/cl/documento/700181#per94,False,False,False
0,http://datos.bcn.cl/recurso/cl/documento/700181,1.4. Discusión en Sala,2023-01-05,per60,http://datos.bcn.cl/recurso/persona/135,135,rene alinco bustos,RENE ALINCO BUSTOS,http://datos.bcn.cl/recurso/cl/documento/700181#per60,False,False,False
0,http://datos.bcn.cl/recurso/cl/documento/700181,1.4. Discusión en Sala,2023-01-05,per34,http://datos.bcn.cl/recurso/persona/4552,4552,alejandro javier bernales maldonado,ALEJANDRO JAVIER BERNALES MALDONADO,http://datos.bcn.cl/recurso/cl/documento/700181#per34,False,False,False
0,http://datos.bcn.cl/recurso/cl/documento/700181,1.4. Discusión en Sala,2023-01-05,per22,http://datos.bcn.cl/recurso/persona/4551,4551,diego eduardo ibanez cotroneo,DIEGO EDUARDO IBANEZ COTRONEO,http://datos.bcn.cl/recurso/cl/documento/700181#per22,False,False,False
0,http://datos.bcn.cl/recurso/cl/documento/700181,1.4. Discusión en Sala,2023-01-05,per131,http://datos.bcn.cl/recurso/persona/4550,4550,marta carolina marzan pinto,MARTA CAROLINA MARZAN PINTO,http://datos.bcn.cl/recurso/cl/documento/700181#per131,False,True,False
0,http://datos.bcn.cl/recurso/cl/documento/700181,1.4. Discusión en Sala,2023-01-05,per51,http://datos.bcn.cl/recurso/persona/3602,3602,edmundo villouta concha,EDMUNDO VILLOUTA CONCHA,http://datos.bcn.cl/recurso/cl/documento/700181#per51,False,False,False
0,http://datos.bcn.cl/recurso/cl/documento/700181,1.4. Discusión en Sala,2023-01-05,per115,http://datos.bcn.cl/recurso/persona/4559,4559,andres longton herrera,ANDRES LONGTON HERRERA,http://datos.bcn.cl/recurso/cl/documento/700181#per115,False,False,False
0,http://datos.bcn.cl/recurso/cl/documento/700181,1.4. Discusión en Sala,2023-01-05,per107,http://datos.bcn.cl/recurso/persona/4617,4617,diego ignacio schalper sepulveda,DIEGO IGNACIO SCHALPER SEPULVEDA,http://datos.bcn.cl/recurso/cl/documento/700181#per107,False,False,False
0,http://datos.bcn.cl/recurso/cl/documento/700181,1.4. Discusión en Sala,2023-01-05,per146,http://datos.bcn.cl/recurso/persona/4558,4558,alvaro jorge carter fernandez,ALVARO JORGE CARTER FERNANDEZ,http://datos.bcn.cl/recurso/cl/documento/700181#per146,False,False,False
0,http://datos.bcn.cl/recurso/cl/documento/700181,1.4. Discusión en Sala,2023-01-05,per19,http://datos.bcn.cl/recurso/persona/4618,4618,maria ximena ossandon irarrazabal,MARIA XIMENA OSSANDON IRARRAZABAL,http://datos.bcn.cl/recurso/cl/documento/700181#per19,False,False,False
0,http://datos.bcn.cl/recurso/cl/documento/700181,1.4. Discusión en Sala,2023-01-05,per180,http://datos.bcn.cl/recurso/persona/819,819,felix ernesto iglesias cortes,FELIX ERNESTO IGLESIAS CORTES,http://datos.bcn.cl/recurso/cl/documento/700181#per180,False,False,False
0,http://datos.bcn.cl/recurso/cl/documento/700181,1.4. Discusión en Sala,2023-01-05,per71,http://datos.bcn.cl/recurso/persona/4554,4554,felix marcelo gonzalez gatica,FELIX MARCELO GONZALEZ GATICA,http://datos.bcn.cl/recurso/cl/documento/700181#per71,False,False,False
0,http://datos.bcn.cl/recurso/cl/documento/700181,1.4. Discusión en Sala,2023-01-05,per159,http://datos.bcn.cl/recurso/persona/2247,2247,hermogenes labbe labbe,HERMOGENES LABBE LABBE,http://datos.bcn.cl/recurso/cl/documento/700181#per159,False,False,False
0,http://datos.bcn.cl/recurso/cl/documento/700181,1.4. Discusión en Sala,2023-01-05,per110,http://datos.bcn.cl/recurso/persona/4553,4553,emilia iris nuyado ancapichun,EMILIA IRIS NUYADO ANCAPICHUN,http://datos.bcn.cl/recurso/cl/documento/700181#per110,False,False,False
0,http://datos.bcn.cl/recurso/cl/documento/700181,1.4. Discusión en Sala,2023-01-05,per169,http://datos.bcn.cl/recurso/persona/3707,3707,sergio salinas moreira,SERGIO SALINAS MOREIRA,http://datos.bcn.cl/recurso/cl/documento/700181#per169,False,False,False
0,http://datos.bcn.cl/recurso/cl/documento/700181,1.4. Discusión en Sala,2023-01-05,per54,http://datos.bcn.cl/recurso/persona/4611,4611,cristhian patricio moreira barros,CRISTHIAN PATRICIO MOREIRA BARROS,http://datos.bcn.cl/recurso/cl/documento/700181#per54,False,False,False
0,http://datos.bcn.cl/recurso/cl/documento/700181,1.4. Discusión en Sala,2023-01-05,per10,http://datos.bcn.cl/recurso/persona/4610,4610,miguel angel calisto aguila,MIGUEL ANGEL CALISTO AGUILA,http://datos.bcn.cl/recurso/cl/documento/700181#per10,False,False,False
0,http://datos.bcn.cl/recurso/cl/documento/700181,1.4. Discusión en Sala,2023-01-05,per67,http://datos.bcn.cl/recurso/persona/1223,1223,armando montes velasco,ARMANDO MONTES VELASCO,http://datos.bcn.cl/recurso/cl/documento/700181#per67,False,False,False
0,http://datos.bcn.cl/recurso/cl/documento/700181,1.4. Discusión en Sala,2023-01-05,per69,http://datos.bcn.cl/recurso/persona/3609,3609,zarko luksic sandoval,ZARKO LUKSIC SANDOVAL,http://datos.bcn.cl/recurso/cl/documento/700181#per69,False,False,False
0,http://datos.bcn.cl/recurso/cl/documento/700181,1.4. Discusión en Sala,2023-01-05,per89,http://datos.bcn.cl/recurso/persona/4561,4561,catalina del real mihovilovic,CATALINA DEL REAL MIHOVILOVIC,http://datos.bcn.cl/recurso/cl/documento/700181#per89,False,False,False
0,http://datos.bcn.cl/recurso/cl/documento/700181,1.4. Discusión en Sala,2023-01-05,per178,http://datos.bcn.cl/recurso/persona/3134,3134,manuel enrique ferreira guzman,MANUEL ENRIQUE FERREIRA GUZMAN,http://datos.bcn.cl/recurso/cl/documento/700181#per178,False,False,False
0,http://datos.bcn.cl/recurso/cl/documento/700181,1.4. Discusión en Sala,2023-01-05,per33,http://datos.bcn.cl/recurso/persona/4560,4560,boris anthony barrera moreno,BORIS ANTHONY BARRERA MORENO,http://datos.bcn.cl/recurso/cl/documento/700181#per33,False,False,False
0,http://datos.bcn.cl/recurso/cl/documento/700181,1.4. Discusión en Sala,2023-01-05,per1,http://datos.bcn.cl/recurso/persona/1274,1274,carlos bianchi chelech,CARLOS BIANCHI CHELECH,http://datos.bcn.cl/recurso/cl/documento/700181#per1,False,False,False
0,http://datos.bcn.cl/recurso/cl/documento/700181,1.4. Discusión en Sala,2023-01-05,per8,http://datos.bcn.cl/recurso/persona/4563,4563,juan francisco undurraga gazitua,JUAN FRANCISCO UNDURRAGA GAZITUA,http://datos.bcn.cl/recurso/cl/documento/700181#per8,False,False,False
0,http://datos.bcn.cl/recurso/cl/documento/700181,1.4. Discusión en Sala,2023-01-05,per177,http://datos.bcn.cl/recurso/persona/413,413,mario palestro rojas,MARIO PALESTRO ROJAS,http://datos.bcn.cl/recurso/cl/documento/700181#per177,False,False,False
0,http://datos.bcn.cl/recurso/cl/documento/700181,1.4. Discusión en Sala,2023-01-05,per58,http://datos.bcn.cl/recurso/persona/4562,4562,cosme leopoldo mellado pino,COSME LEOPOLDO MELLADO PINO,http://datos.bcn.cl/recurso/cl/documento/700181#per58,False,True,False
0,http://datos.bcn.cl/recurso/cl/documento/700181,1.4. Discusión en Sala,2023-01-05,per57,http://datos.bcn.cl/recurso/persona/5274,5274,maria luisa cordero velasquez,MARIA LUISA CORDERO VELASQUEZ,http://datos.bcn.cl/recurso/cl/documento/700181#per57,False,False,False
0,http://datos.bcn.cl/recurso/cl/documento/700181,1.4. Discusión en Sala,2023-01-05,per64,http://datos.bcn.cl/recurso/persona/4565,4565,joanna elena perez olea,JOANNA ELENA PEREZ OLEA,http://datos.bcn.cl/recurso/cl/documento/700181#per64,False,True,False
0,http://datos.bcn.cl/recurso/cl/documento/700181,1.4. Discusión en Sala,2023-01-05,per154,http://datos.bcn.cl/recurso/persona/4564,4564,hugo vicente rey martinez,HUGO VICENTE REY MARTINEZ,http://datos.bcn.cl/recurso/cl/documento/700181#per154,False,False,False
0,http://datos.bcn.cl/recurso/cl/documento/700181,1.4. Discusión en Sala,2023-01-05,per21,http://datos.bcn.cl/recurso/persona/5273,5273,andres giordano salazar,ANDRES GIORDANO SALAZAR,http://datos.bcn.cl/recurso/cl/documento/700181#per21,False,False,False
0,http://datos.bcn.cl/recurso/cl/documento/700181,1.4. Discusión en Sala,2023-01-05,per98,http://datos.bcn.cl/recurso/persona/4567,4567,jorge andres duran espinoza,JORGE ANDRES DURAN ESPINOZA,http://datos.bcn.cl/recurso/cl/documento/700181#per98,False,False,False
0,http://datos.bcn.cl/recurso/cl/documento/700181,1.4. Discusión en Sala,2023-01-05,per11,http://datos.bcn.cl/recurso/persona/5272,5272,jose carlos meza pereira,JOSE CARLOS MEZA PEREIRA,http://datos.bcn.cl/recurso/cl/documento/700181#per11,False,False,False
0,http://datos.bcn.cl/recurso/cl/documento/700181,1.4. Discusión en Sala,2023-01-05,per158,http://datos.bcn.cl/recurso/persona/5271,5271,johannes kaiser barents-von hohenhagen,JOHANNES KAISER BARENTS VON HOHENHAGEN,http://datos.bcn.cl/recurso/cl/documento/700181#per158,False,False,False
0,http://datos.bcn.cl/recurso/cl/documento/700181,1.4. Discusión en Sala,2023-01-05,per108,http://datos.bcn.cl/recurso/persona/4568,4568,juan manuel fuenzalida cobo,JUAN MANUEL FUENZALIDA COBO,http://datos.bcn.cl/recurso/cl/documento/700181#per108,False,False,False
0,http://datos.bcn.cl/recurso/cl/documento/700181,1.4. Discusión en Sala,2023-01-05,per99,http://datos.bcn.cl/recurso/persona/5275,5275,helia molina milman,HELIA MOLINA MILMAN,http://datos.bcn.cl/recurso/cl/documento/700181#per99,False,False,False
0,http://datos.bcn.cl/recurso/cl/documento/700181,1.4. Discusión en Sala,2023-01-05,per162,http://datos.bcn.cl/recurso/persona/1894,1894,gaspar alberto rivas sanchez,GASPAR ALBERTO RIVAS SANCHEZ,http://datos.bcn.cl/recurso/cl/documento/700181#per162,False,False,False
0,http://datos.bcn.cl/recurso/cl/documento/700181,1.4. Discusión en Sala,2023-01-05,per26,http://datos.bcn.cl/recurso/persona/3669,3669,frank carlos sauerbaum munoz,FRANK CARLOS SAUERBAUM MUNOZ,http://datos.bcn.cl/recurso/cl/documento/700181#per26,False,False,False
0,http://datos.bcn.cl/recurso/cl/documento/700181,1.4. Discusión en Sala,2023-01-05,per46,http://datos.bcn.cl/recurso/persona/5222,5222,tomas de rementeria venegas,TOMAS DE REMENTERIA VENEGAS,http://datos.bcn.cl/recurso/cl/documento/700181#per46,False,True,False
0,http://datos.bcn.cl/recurso/cl/documento/700181,1.4. Discusión en Sala,2023-01-05,per105,http://datos.bcn.cl/recurso/persona/5221,5221,lorena pizarro sierra,LORENA PIZARRO SIERRA,http://datos.bcn.cl/recurso/cl/documento/700181#per105,False,True,False
0,http://datos.bcn.cl/recurso/cl/documento/700181,1.4. Discusión en Sala,2023-01-05,per128,http://datos.bcn.cl/recurso/persona/5220,5220,hotuiti teao drago,HOTUITI TEAO DRAGO,http://datos.bcn.cl/recurso/cl/documento/700181#per128,False,False,False
0,http://datos.bcn.cl/recurso/cl/documento/700181,1.4. Discusión en Sala,2023-01-05,per122,http://datos.bcn.cl/recurso/persona/5226,5226,mauricio ojeda rebolledo,MAURICIO OJEDA REBOLLEDO,http://datos.bcn.cl/recurso/cl/documento/700181#per122,False,False,False
0,http://datos.bcn.cl/recurso/cl/documento/700181,1.4. Discusión en Sala,2023-01-05,per66,http://datos.bcn.cl/recurso/persona/1717,1717,mariana aylwin oyarzun,MARIANA AYLWIN OYARZUN,http://datos.bcn.cl/recurso/cl/documento/700181#per66,False,False,False
0,http://datos.bcn.cl/recurso/cl/documento/700181,1.4. Discusión en Sala,2023-01-05,per118,http://datos.bcn.cl/recurso/persona/5225,5225,ericka nanco vasquez,ERICKA NANCO VASQUEZ,http://datos.bcn.cl/recurso/cl/documento/700181#per118,False,False,False
0,http://datos.bcn.cl/recurso/cl/documento/700181,1.4. Discusión en Sala,2023-01-05,per88,http://datos.bcn.cl/recurso/persona/5224,5224,tomas lagomarsino guzman,TOMAS LAGOMARSINO GUZMAN,http://datos.bcn.cl/recurso/cl/documento/700181#per88,False,False,False
0,http://datos.bcn.cl/recurso/cl/documento/700181,1.4. Discusión en Sala,2023-01-05,per173,http://datos.bcn.cl/recurso/persona/5029,5029,nibaldo favio meza garfia,NIBALDO FAVIO MEZA GARFIA,http://datos.bcn.cl/recurso/cl/documento/700181#per173,False,False,False
0,http://datos.bcn.cl/recurso/cl/documento/700181,1.4. Discusión en Sala,2023-01-05,per7,http://datos.bcn.cl/recurso/persona/5229,5229,stephan schubert rubio,STEPHAN SCHUBERT RUBIO,http://datos.bcn.cl/recurso/cl/documento/700181#per7,False,False,False
0,http://datos.bcn.cl/recurso/cl/documento/700181,1.4. Discusión en Sala,2023-01-05,per95,http://datos.bcn.cl/recurso/persona/5228,5228,luis fernando sanchez ossa,LUIS FERNANDO SANCHEZ OSSA,http://datos.bcn.cl/recurso/cl/documento/700181#per95,False,False,False
0,http://datos.bcn.cl/recurso/cl/documento/700181,1.4. Discusión en Sala,2023-01-05,per12,http://datos.bcn.cl/recurso/persona/2125,2125,sergio benedicto elgueta barrientos,SERGIO BENEDICTO ELGUETA BARRIENTOS,http://datos.bcn.cl/recurso/cl/documento/700181#per12,False,False,False
0,http://datos.bcn.cl/recurso/cl/documento/700181,1.4. Discusión en Sala,2023-01-05,per16,http://datos.bcn.cl/recurso/persona/4570,4570,guillermo andres ramirez diez,GUILLERMO ANDRES RAMIREZ DIEZ,http://datos.bcn.cl/recurso/cl/documento/700181#per16,False,False,False
0,http://datos.bcn.cl/recurso/cl/documento/700181,1.4. Discusión en Sala,2023-01-05,per86,http://datos.bcn.cl/recurso/persona/5188,5188,yovana ahumada palma,YOVANA AHUMADA PALMA,http://datos.bcn.cl/recurso/cl/documento/700181#per86,False,False,False
0,http://datos.bcn.cl/recurso/cl/documento/700181,1.4. Discusión en Sala,2023-01-05,per147,http://datos.bcn.cl/recurso/persona/5187,5187,matias ramirez pascal,MATIAS RAMIREZ PASCAL,http://datos.bcn.cl/recurso/cl/documento/700181#per147,False,False,False
0,http://datos.bcn.cl/recurso/cl/documento/700181,1.4. Discusión en Sala,2023-01-05,per14,http://datos.bcn.cl/recurso/persona/5189,5189,christian matheson villan,CHRISTIAN MATHESON VILLAN,http://datos.bcn.cl/recurso/cl/documento/700181#per14,False,True,False
0,http://datos.bcn.cl/recurso/cl/documento/700181,1.4. Discusión en Sala,2023-01-05,per142,http://datos.bcn.cl/recurso/persona/5184,5184,enrique lee flores,ENRIQUE LEE FLORES,http://datos.bcn.cl/recurso/cl/documento/700181#per142,False,False,False
0,http://datos.bcn.cl/recurso/cl/documento/700181,1.4. Discusión en Sala,2023-01-05,per165,http://datos.bcn.cl/recurso/persona/937,937,luis eduardo undurraga correa,LUIS EDUARDO UNDURRAGA CORREA,http://datos.bcn.cl/recurso/cl/documento/700181#per165,False,False,False
0,http://datos.bcn.cl/recurso/cl/documento/700181,1.4. Discusión en Sala,2023-01-05,per103,http://datos.bcn.cl/recurso/persona/5186,5186,danisa astudillo peiretti,DANISA ASTUDILLO PEIRETTI,http://datos.bcn.cl/recurso/cl/documento/700181#per103,False,False,False
0,http://datos.bcn.cl/recurso/cl/documento/700181,1.4. Discusión en Sala,2023-01-05,per73,http://datos.bcn.cl/recurso/persona/4572,4572,jorge elias brito hasbun,JORGE ELIAS BRITO HASBUN,http://datos.bcn.cl/recurso/cl/documento/700181#per73,False,False,False
0,http://datos.bcn.cl/recurso/cl/documento/700181,1.4. Discusión en Sala,2023-01-05,per44,http://datos.bcn.cl/recurso/persona/404,404,sebastian pinera,SEBASTIAN PINERA,http://datos.bcn.cl/recurso/cl/documento/700181#per44,False,True,False
0,http://datos.bcn.cl/recurso/cl/documento/700181,1.4. Discusión en Sala,2023-01-05,per2,http://datos.bcn.cl/recurso/persona/4571,4571,miguel mellado suazo,MIGUEL MELLADO SUAZO,http://datos.bcn.cl/recurso/cl/documento/700181#per2,False,False,False
0,http://datos.bcn.cl/recurso/cl/documento/700181,1.4. Discusión en Sala,2023-01-05,per96,http://datos.bcn.cl/recurso/persona/5185,5185,luis malla valenzuela,LUIS MALLA VALENZUELA,http://datos.bcn.cl/recurso/cl/documento/700181#per96,False,False,False
0,http://datos.bcn.cl/recurso/cl/documento/700181,1.4. Discusión en Sala,2023-01-05,per102,http://datos.bcn.cl/recurso/persona/4578,4578,marisela santibanez novoa,MARISELA SANTIBANEZ NOVOA,http://datos.bcn.cl/recurso/cl/documento/700181#per102,False,False,False
0,http://datos.bcn.cl/recurso/cl/documento/700181,1.4. Discusión en Sala,2023-01-05,per171,http://datos.bcn.cl/recurso/persona/2321,2321,rene tapia salgado,RENE TAPIA SALGADO,http://datos.bcn.cl/recurso/cl/documento/700181#per171,False,False,False
0,http://datos.bcn.cl/recurso/cl/documento/700181,1.4. Discusión en Sala,2023-01-05,per55,http://datos.bcn.cl/recurso/persona/4576,4576,maite orsini pascal,MAITE ORSINI PASCAL,http://datos.bcn.cl/recurso/cl/documento/700181#per55,False,True,False
0,http://datos.bcn.cl/recurso/cl/documento/700181,1.4. Discusión en Sala,2023-01-05,per40,http://datos.bcn.cl/recurso/persona/1482,1482,gaston von muhlenbrock zamora,GASTON VON MUHLENBROCK ZAMORA,http://datos.bcn.cl/recurso/cl/documento/700181#per40,False,False,False
0,http://datos.bcn.cl/recurso/cl/documento/700181,1.4. Discusión en Sala,2023-01-05,per129,http://datos.bcn.cl/recurso/persona/2861,2861,sergio bobadilla munoz,SERGIO BOBADILLA MUNOZ,http://datos.bcn.cl/recurso/cl/documento/700181#per129,False,False,False
0,http://datos.bcn.cl/recurso/cl/documento/700181,1.4. Discusión en Sala,2023-01-05,per37,http://datos.bcn.cl/recurso/persona/5210,5210,jaime saez quiroz,JAIME SAEZ QUIROZ,http://datos.bcn.cl/recurso/cl/documento/700181#per37,False,False,False
0,http://datos.bcn.cl/recurso/cl/documento/700181,1.4. Discusión en Sala,2023-01-05,per167,http://datos.bcn.cl/recurso/persona/3655,3655,amelio covena donoso,AMELIO COVENA DONOSO,http://datos.bcn.cl/recurso/cl/documento/700181#per167,False,False,False
0,http://datos.bcn.cl/recurso/cl/documento/700181,1.4. Discusión en Sala,2023-01-05,per80,http://datos.bcn.cl/recurso/persona/4471,4471,miguel landeros perki?,MIGUEL LANDEROS PERKI,http://datos.bcn.cl/recurso/cl/documento/700181#per80,False,False,False
0,http://datos.bcn.cl/recurso/cl/documento/700181,1.4. Discusión en Sala,2023-01-05,per27,http://datos.bcn.cl/recurso/persona/5212,5212,hector ulloa aguilera,HECTOR ULLOA AGUILERA,http://datos.bcn.cl/recurso/cl/documento/700181#per27,False,True,False
0,http://datos.bcn.cl/recurso/cl/documento/700181,1.4. Discusión en Sala,2023-01-05,per112,http://datos.bcn.cl/recurso/persona/5211,5211,ana maria gazmuri vieira,ANA MARIA GAZMURI VIEIRA,http://datos.bcn.cl/recurso/cl/documento/700181#per112,False,True,False
0,http://datos.bcn.cl/recurso/cl/documento/700181,1.4. Discusión en Sala,2023-01-05,per101,http://datos.bcn.cl/recurso/persona/5190,5190,javiera morales alvarado,JAVIERA MORALES ALVARADO,http://datos.bcn.cl/recurso/cl/documento/700181#per101,False,True,False
0,http://datos.bcn.cl/recurso/cl/documento/700181,1.4. Discusión en Sala,2023-01-05,per148,http://datos.bcn.cl/recurso/persona/5191,5191,sebastian videla castillo,SEBASTIAN VIDELA CASTILLO,http://datos.bcn.cl/recurso/cl/documento/700181#per148,False,False,False
0,http://datos.bcn.cl/recurso/cl/documento/700181,1.4. Discusión en Sala,2023-01-05,per132,http://datos.bcn.cl/recurso/persona/5213,5213,fernando borquez montecinos,FERNANDO BORQUEZ MONTECINOS,http://datos.bcn.cl/recurso/cl/documento/700181#per132,False,False,False
0,http://datos.bcn.cl/recurso/cl/documento/700181,1.4. Discusión en Sala,2023-01-05,per6,http://datos.bcn.cl/recurso/persona/5192,5192,jaime araya guerrero,JAIME ARAYA GUERRERO,http://datos.bcn.cl/recurso/cl/documento/700181#per6,False,False,False
0,http://datos.bcn.cl/recurso/cl/documento/700181,1.4. Discusión en Sala,2023-01-05,per74,http://datos.bcn.cl/recurso/persona/5216,5216,daniel lilayu vivanco,DANIEL LILAYU VIVANCO,http://datos.bcn.cl/recurso/cl/documento/700181#per74,False,False,False
0,http://datos.bcn.cl/recurso/cl/documento/700181,1.4. Discusión en Sala,2023-01-05,per111,http://datos.bcn.cl/recurso/persona/5215,5215,hector barria angulo,HECTOR BARRIA ANGULO,http://datos.bcn.cl/recurso/cl/documento/700181#per111,False,False,False
0,http://datos.bcn.cl/recurso/cl/documento/700181,1.4. Discusión en Sala,2023-01-05,per47,http://datos.bcn.cl/recurso/persona/5218,5218,chiara barchiesi chavez,CHIARA BARCHIESI CHAVEZ,http://datos.bcn.cl/recurso/cl/documento/700181#per47,False,False,False
0,http://datos.bcn.cl/recurso/cl/documento/700181,1.4. Discusión en Sala,2023-01-05,per45,http://datos.bcn.cl/recurso/persona/5217,5217,nelson venegas salazar,NELSON VENEGAS SALAZAR,http://datos.bcn.cl/recurso/cl/documento/700181#per45,False,False,False
0,http://datos.bcn.cl/recurso/cl/documento/700181,1.4. Discusión en Sala,2023-01-05,per116,http://datos.bcn.cl/recurso/persona/5219,5219,maria francisca bello campos,MARIA FRANCISCA BELLO CAMPOS,http://datos.bcn.cl/recurso/cl/documento/700181#per116,False,False,False
0,http://datos.bcn.cl/recurso/cl/documento/700181,1.4. Discusión en Sala,2023-01-05,per1SNI1U4B,http://datos.bcn.cl/recurso/persona/4626,4626,natalia valentina castillo munoz,NATALIA VALENTINA CASTILLO MUNOZ,http://datos.bcn.cl/recurso/cl/documento/700181#per1SNI1U4B,False,False,False
0,http://datos.bcn.cl/recurso/cl/documento/700181,1.4. Discusión en Sala,2023-01-05,perJBG742RA,http://datos.bcn.cl/recurso/persona/4581,4581,jose miguel castro bascunan,JOSE MIGUEL CASTRO BASCUNAN,http://datos.bcn.cl/recurso/cl/documento/700181#perJBG742RA,False,False,False
0,http://datos.bcn.cl/recurso/cl/documento/700181,1.4. Discusión en Sala,2023-01-05,per2HB5QWKD,http://datos.bcn.cl/recurso/persona/4579,4579,sofia slovena cid versalovic,SOFIA SLOVENA CID VERSALOVIC,http://datos.bcn.cl/recurso/cl/documento/700181#per2HB5QWKD,False,False,False
0,http://datos.bcn.cl/recurso/cl/documento/700181,1.4. Discusión en Sala,2023-01-05,perOLB5NKGN,http://datos.bcn.cl/recurso/persona/673,673,fernando flores,FERNANDO FLORES,http://datos.bcn.cl/recurso/cl/documento/700181#perOLB5NKGN,False,False,False
1,http://datos.bcn.cl/recurso/cl/documento/700224,2.3. Discusión en Sala,2023-01-18,per108,,,,,http://datos.bcn.cl/recurso/cl/documento/700224#per108,False,False,False
1,http://datos.bcn.cl/recurso/cl/documento/700224,2.3. Discusión en Sala,2023-01-18,PersonaAut1,http://datos.bcn.cl/recurso/persona/4589,4589,luz eliana ebensperger orrego,LUZ ELIANA EBENSPERGER ORREGO,http://datos.bcn.cl/recurso/cl/documento/700224#PersonaAut1,False,False,False
1,http://datos.bcn.cl/recurso/cl/documento/700224,2.3. Discusión en Sala,2023-01-18,PersonaAut3,http://datos.bcn.cl/recurso/persona/4569,4569,luciano cruz-coke carvallo,LUCIANO CRUZ COKE CARVALLO,http://datos.bcn.cl/recurso/cl/documento/700224#PersonaAut3,False,False,False
1,http://datos.bcn.cl/recurso/cl/documento/700224,2.3. Discusión en Sala,2023-01-18,PersonaAut4,http://datos.bcn.cl/recurso/persona/1778,1778,juan antonio coloma correa,JUAN ANTONIO COLOMA CORREA,http://datos.bcn.cl/recurso/cl/documento/700224#PersonaAut4,False,False,False
1,http://datos.bcn.cl/recurso/cl/documento/700224,2.3. Discusión en Sala,2023-01-18,PersonaAut5,http://datos.bcn.cl/recurso/persona/1713,1713,ivan alejandro moreira barros,IVAN ALEJANDRO MOREIRA BARROS,http://datos.bcn.cl/recurso/cl/documento/700224#PersonaAut5,False,False,False
1,http://datos.bcn.cl/recurso/cl/documento/700224,2.3. Discusión en Sala,2023-01-18,PersonaAut6,http://datos.bcn.cl/recurso/persona/4633,4633,rodrigo galilea vial,RODRIGO GALILEA VIAL,http://datos.bcn.cl/recurso/cl/documento/700224#PersonaAut6,False,False,False
1,http://datos.bcn.cl/recurso/cl/documento/700224,2.3. Discusión en Sala,2023-01-18,PersonaAut7,http://datos.bcn.cl/recurso/persona/685,685,francisco javier chahuan chahuan,FRANCISCO JAVIER CHAHUAN CHAHUAN,http://datos.bcn.cl/recurso/cl/documento/700224#PersonaAut7,False,False,False
1,http://datos.bcn.cl/recurso/cl/documento/700224,2.3. Discusión en Sala,2023-01-18,PersonaAut8,http://datos.bcn.cl/recurso/persona/279,279,jose gilberto garcia ruminot,JOSE GILBERTO GARCIA RUMINOT,http://datos.bcn.cl/recurso/cl/documento/700224#PersonaAut8,False,False,False
1,http://datos.bcn.cl/recurso/cl/documento/700224,2.3. Discusión en Sala,2023-01-18,PersonaAut9,http://datos.bcn.cl/recurso/persona/2717,2717,alejandra amalia sepulveda orbenes,ALEJANDRA AMALIA SEPULVEDA ORBENES,http://datos.bcn.cl/recurso/cl/documento/700224#PersonaAut9,False,False,False
1,http://datos.bcn.cl/recurso/cl/documento/700224,2.3. Discusión en Sala,2023-01-18,PersonaAut10,http://datos.bcn.cl/recurso/persona/4605,4605,karim antonio bianchi retamales,KARIM ANTONIO BIANCHI RETAMALES,http://datos.bcn.cl/recurso/cl/documento/700224#PersonaAut10,False,False,False
1,http://datos.bcn.cl/recurso/cl/documento/700224,2.3. Discusión en Sala,2023-01-18,PersonaAut11,http://datos.bcn.cl/recurso/persona/2362,2362,ximena cecilia rincon gonzalez,XIMENA CECILIA RINCON GONZALEZ,http://datos.bcn.cl/recurso/cl/documento/700224#PersonaAut11,False,False,False
1,http://datos.bcn.cl/recurso/cl/documento/700224,2.3. Discusión en Sala,2023-01-18,PersonaAut12,http://datos.bcn.cl/recurso/persona/4634,4634,jose miguel durana semir,JOSE MIGUEL DURANA SEMIR,http://datos.bcn.cl/recurso/cl/documento/700224#PersonaAut12,False,False,False
1,http://datos.bcn.cl/recurso/cl/documento/700224,2.3. Discusión en Sala,2023-01-18,PersonaAut13,http://datos.bcn.cl/recurso/persona/5193,5193,claudia pascual grau,CLAUDIA PASCUAL GRAU,http://datos.bcn.cl/recurso/cl/documento/700224#PersonaAut13,False,False,False
1,http://datos.bcn.cl/recurso/cl/documento/700224,2.3. Discusión en Sala,2023-01-18,PersonaAut14,http://datos.bcn.cl/recurso/persona/1646,1646,david sergio sandoval plaza,DAVID SERGIO SANDOVAL PLAZA,http://datos.bcn.cl/recurso/cl/documento/700224#PersonaAut14,False,False,False
1,http://datos.bcn.cl/recurso/cl/documento/700224,2.3. Discusión en Sala,2023-01-18,PersonaAut15,http://datos.bcn.cl/recurso/persona/3494,3494,maria isabel allende bussi,MARIA ISABEL ALLENDE BUSSI,http://datos.bcn.cl/recurso/cl/documento/700224#PersonaAut15,False,False,False
1,http://datos.bcn.cl/recurso/cl/documento/700224,2.3. Discusión en Sala,2023-01-18,PersonaAut16,http://datos.bcn.cl/recurso/persona/3735,3735,matias vicente walker prieto,MATIAS VICENTE WALKER PRIETO,http://datos.bcn.cl/recurso/cl/documento/700224#PersonaAut16,False,False,False
1,http://datos.bcn.cl/recurso/cl/documento/700224,2.3. Discusión en Sala,2023-01-18,PersonaAut17,http://datos.bcn.cl/recurso/persona/339,339,pedro araya guerrero,PEDRO ARAYA GUERRERO,http://datos.bcn.cl/recurso/cl/documento/700224#PersonaAut17,False,False,False
1,http://datos.bcn.cl/recurso/cl/documento/700224,2.3. Discusión en Sala,2023-01-18,PersonaAut18,http://datos.bcn.cl/recurso/persona/4504,4504,sergio alfredo gahona salazar,SERGIO ALFREDO GAHONA SALAZAR,http://datos.bcn.cl/recurso/cl/documento/700224#PersonaAut18,False,False,False
1,http://datos.bcn.cl/recurso/cl/documento/700224,2.3. Discusión en Sala,2023-01-18,PersonaAut19,http://datos.bcn.cl/recurso/persona/4323,4323,yasna provoste campillay,YASNA PROVOSTE CAMPILLAY,http://datos.bcn.cl/recurso/cl/documento/700224#PersonaAut19,False,False,False
1,http://datos.bcn.cl/recurso/cl/documento/700224,2.3. Discusión en Sala,2023-01-18,PersonaAut20,http://datos.bcn.cl/recurso/persona/4030,4030,felipe jose kast sommerhoff,FELIPE JOSE KAST SOMMERHOFF,http://datos.bcn.cl/recurso/cl/documento/700224#PersonaAut20,False,False,False
1,http://datos.bcn.cl/recurso/cl/documento/700224,2.3. Discusión en Sala,2023-01-18,PersonaAut21,http://datos.bcn.cl/recurso/persona/3399,3399,juan luis castro gonzalez,JUAN LUIS CASTRO GONZALEZ,http://datos.bcn.cl/recurso/cl/documento/700224#PersonaAut21,False,False,False
1,http://datos.bcn.cl/recurso/cl/documento/700224,2.3. Discusión en Sala,2023-01-18,PersonaAut22,http://datos.bcn.cl/recurso/persona/4623,4623,gustavo adolfo sanhueza duenas,GUSTAVO ADOLFO SANHUEZA DUENAS,http://datos.bcn.cl/recurso/cl/documento/700224#PersonaAut22,False,False,False
1,http://datos.bcn.cl/recurso/cl/documento/700224,2.3. Discusión en Sala,2023-01-18,PersonaAut23,http://datos.bcn.cl/recurso/persona/1925,1925,alfonso de urresti longton,ALFONSO DE URRESTI LONGTON,http://datos.bcn.cl/recurso/cl/documento/700224#PersonaAut23,False,False,False
1,http://datos.bcn.cl/recurso/cl/documento/700224,2.3. Discusión en Sala,2023-01-18,PersonaAut24,http://datos.bcn.cl/recurso/persona/4530,4530,ivan alberto flores garcia,IVAN ALBERTO FLORES GARCIA,http://datos.bcn.cl/recurso/cl/documento/700224#PersonaAut24,False,False,False
1,http://datos.bcn.cl/recurso/cl/documento/700224,2.3. Discusión en Sala,2023-01-18,PersonaAut25,http://datos.bcn.cl/recurso/persona/4599,4599,esteban jorge velasquez nunez,ESTEBAN JORGE VELASQUEZ NUNEZ,http://datos.bcn.cl/recurso/cl/documento/700224#PersonaAut25,False,False,False
1,http://datos.bcn.cl/recurso/cl/documento/700224,2.3. Discusión en Sala,2023-01-18,PersonaAut30,http://datos.bcn.cl/recurso/persona/4595,4595,aracely andrea leuquen uribe,ARACELY ANDREA LEUQUEN URIBE,http://datos.bcn.cl/recurso/cl/documento/700224#PersonaAut30,False,False,False
1,http://datos.bcn.cl/recurso/cl/documento/700224,2.3. Discusión en Sala,2023-01-18,PersonaAut34,http://datos.bcn.cl/recurso/persona/4593,4593,carmen gloria aravena acuna,CARMEN GLORIA ARAVENA ACUNA,http://datos.bcn.cl/recurso/cl/documento/700224#PersonaAut34,False,False,False
1,http://datos.bcn.cl/recurso/cl/documento/700224,2.3. Discusión en Sala,2023-01-18,PersonaAut40,http://datos.bcn.cl/recurso/persona/5195,5195,fabiola campillai rojas,FABIOLA CAMPILLAI ROJAS,http://datos.bcn.cl/recurso/cl/documento/700224#PersonaAut40,False,False,False
1,http://datos.bcn.cl/recurso/cl/documento/700224,2.3. Discusión en Sala,2023-01-18,PersonaAut42,http://datos.bcn.cl/recurso/persona/4539,4539,maria loreto carvajal ambiado,MARIA LORETO CARVAJAL AMBIADO,http://datos.bcn.cl/recurso/cl/documento/700224#PersonaAut42,False,False,False
1,http://datos.bcn.cl/recurso/cl/documento/700224,2.3. Discusión en Sala,2023-01-18,PersonaAut44,http://datos.bcn.cl/recurso/persona/4592,4592,ximena loreto ordenes neira,XIMENA LORETO ORDENES NEIRA,http://datos.bcn.cl/recurso/cl/documento/700224#PersonaAut44,False,False,False
1,http://datos.bcn.cl/recurso/cl/documento/700224,2.3. Discusión en Sala,2023-01-18,PersonaAut47,http://datos.bcn.cl/recurso/persona/4588,4588,juan enrique castro prieto,JUAN ENRIQUE CASTRO PRIETO,http://datos.bcn.cl/recurso/cl/documento/700224#PersonaAut47,False,False,False
1,http://datos.bcn.cl/recurso/cl/documento/700224,2.3. Discusión en Sala,2023-01-18,PersonaAut58,http://datos.bcn.cl/recurso/persona/187,187,rojo edwards silva,ROJO EDWARDS SILVA,http://datos.bcn.cl/recurso/cl/documento/700224#PersonaAut58,False,False,False
1,http://datos.bcn.cl/recurso/cl/documento/700224,2.3. Discusión en Sala,2023-01-18,PersonaAut61,http://datos.bcn.cl/recurso/persona/4584,4584,alvaro antonio elizalde soto,ALVARO ANTONIO ELIZALDE SOTO,http://datos.bcn.cl/recurso/cl/documento/700224#PersonaAut61,False,False,False
1,http://datos.bcn.cl/recurso/cl/documento/700224,2.3. Discusión en Sala,2023-01-18,PersonaAut70,http://datos.bcn.cl/recurso/persona/4521,4521,manuel jose ossandon irarrazabal,MANUEL JOSE OSSANDON IRARRAZABAL,http://datos.bcn.cl/recurso/cl/documento/700224#PersonaAut70,False,False,False
1,http://datos.bcn.cl/recurso/cl/documento/700224,2.3. Discusión en Sala,2023-01-18,PersonaAut72,http://datos.bcn.cl/recurso/persona/5196,5196,maria jose gatica bertin,MARIA JOSE GATICA BERTIN,http://datos.bcn.cl/recurso/cl/documento/700224#PersonaAut72,False,False,False
1,http://datos.bcn.cl/recurso/cl/documento/700224,2.3. Discusión en Sala,2023-01-18,PersonaAut75,http://datos.bcn.cl/recurso/persona/71,71,francisco huenchumilla jaramillo,FRANCISCO HUENCHUMILLA JARAMILLO,http://datos.bcn.cl/recurso/cl/documento/700224#PersonaAut75,False,False,False
1,http://datos.bcn.cl/recurso/cl/documento/700224,2.3. Discusión en Sala,2023-01-18,PersonaAut77,http://datos.bcn.cl/recurso/persona/4141,4141,jose miguel insulza salinas,JOSE MIGUEL INSULZA SALINAS,http://datos.bcn.cl/recurso/cl/documento/700224#PersonaAut77,False,False,False
1,http://datos.bcn.cl/recurso/cl/documento/700224,2.3. Discusión en Sala,2023-01-18,PersonaAut80,http://datos.bcn.cl/recurso/persona/4577,4577,sebastian keitel bianchi,SEBASTIAN KEITEL BIANCHI,http://datos.bcn.cl/recurso/cl/documento/700224#PersonaAut80,False,False,False
1,http://datos.bcn.cl/recurso/cl/documento/700224,2.3. Discusión en Sala,2023-01-18,PersonaAut82,http://datos.bcn.cl/recurso/persona/404,404,sebastian pinera,SEBASTIAN PINERA,http://datos.bcn.cl/recurso/cl/documento/700224#PersonaAut82,False,True,False
1,http://datos.bcn.cl/recurso/cl/documento/700224,2.3. Discusión en Sala,2023-01-18,PersonaAut84,http://datos.bcn.cl/recurso/persona/5197,5197,alejandro kusanovic glusevic,ALEJANDRO KUSANOVIC GLUSEVIC,http://datos.bcn.cl/recurso/cl/documento/700224#PersonaAut84,False,False,False
1,http://datos.bcn.cl/recurso/cl/documento/700224,2.3. Discusión en Sala,2023-01-18,PersonaAut86,http://datos.bcn.cl/recurso/persona/4619,4619,jorge alejandro soria quiroga,JORGE ALEJANDRO SORIA QUIROGA,http://datos.bcn.cl/recurso/cl/documento/700224#PersonaAut86,False,False,False
1,http://datos.bcn.cl/recurso/cl/documento/700224,2.3. Discusión en Sala,2023-01-18,PersonaAut88,http://datos.bcn.cl/recurso/persona/3069,3069,carlos ignacio kuschel silva,CARLOS IGNACIO KUSCHEL SILVA,http://datos.bcn.cl/recurso/cl/documento/700224#PersonaAut88,False,False,False
1,http://datos.bcn.cl/recurso/cl/documento/700224,2.3. Discusión en Sala,2023-01-18,PersonaAut91,http://datos.bcn.cl/recurso/persona/3099,3099,ricardo andres lagos weber,RICARDO ANDRES LAGOS WEBER,http://datos.bcn.cl/recurso/cl/documento/700224#PersonaAut91,False,False,False
1,http://datos.bcn.cl/recurso/cl/documento/700224,2.3. Discusión en Sala,2023-01-18,PersonaAut94,http://datos.bcn.cl/recurso/persona/4606,4606,juan ignacio latorre riveros,JUAN IGNACIO LATORRE RIVEROS,http://datos.bcn.cl/recurso/cl/documento/700224#PersonaAut94,False,True,False
1,http://datos.bcn.cl/recurso/cl/documento/700224,2.3. Discusión en Sala,2023-01-18,PersonaAut97,http://datos.bcn.cl/recurso/persona/2281,2281,javier ignacio macaya danus,JAVIER IGNACIO MACAYA DANUS,http://datos.bcn.cl/recurso/cl/documento/700224#PersonaAut97,False,False,False
1,http://datos.bcn.cl/recurso/cl/documento/700224,2.3. Discusión en Sala,2023-01-18,PersonaAut101,http://datos.bcn.cl/recurso/persona/4513,4513,daniel ignacio nunez arancibia,DANIEL IGNACIO NUNEZ ARANCIBIA,http://datos.bcn.cl/recurso/cl/documento/700224#PersonaAut101,False,False,False
1,http://datos.bcn.cl/recurso/cl/documento/700224,2.3. Discusión en Sala,2023-01-18,PersonaAut103,http://datos.bcn.cl/recurso/persona/1570,1570,jaime daniel quintana leal,JAIME DANIEL QUINTANA LEAL,http://datos.bcn.cl/recurso/cl/documento/700224#PersonaAut103,False,False,False
1,http://datos.bcn.cl/recurso/cl/documento/700224,2.3. Discusión en Sala,2023-01-18,PersonaAut105,http://datos.bcn.cl/recurso/persona/4542,4542,paulina andrea nunez urrutia,PAULINA ANDREA NUNEZ URRUTIA,http://datos.bcn.cl/recurso/cl/documento/700224#PersonaAut105,False,False,False
1,http://datos.bcn.cl/recurso/cl/documento/700224,2.3. Discusión en Sala,2023-01-18,PersonaAut108,http://datos.bcn.cl/recurso/persona/4959,4959,jose enrique neira neira,JOSE ENRIQUE NEIRA NEIRA,http://datos.bcn.cl/recurso/cl/documento/700224#PersonaAut108,False,False,False
1,http://datos.bcn.cl/recurso/cl/documento/700224,2.3. Discusión en Sala,2023-01-18,PersonaAut117,http://datos.bcn.cl/recurso/persona/4620,4620,kenneth peter pugh olavarria,KENNETH PETER PUGH OLAVARRIA,http://datos.bcn.cl/recurso/cl/documento/700224#PersonaAut117,False,False,False
1,http://datos.bcn.cl/recurso/cl/documento/700224,2.3. Discusión en Sala,2023-01-18,PersonaAut125,http://datos.bcn.cl/recurso/persona/1835,1835,david marzan,DAVID MARZAN,http://datos.bcn.cl/recurso/cl/documento/700224#PersonaAut125,False,False,False
1,http://datos.bcn.cl/recurso/cl/documento/700224,2.3. Discusión en Sala,2023-01-18,PersonaAut133,http://datos.bcn.cl/recurso/persona/2128,2128,enrique van rysselberghe herrera,ENRIQUE VAN RYSSELBERGHE HERRERA,http://datos.bcn.cl/recurso/cl/documento/700224#PersonaAut133,False,False,False
1,http://datos.bcn.cl/recurso/cl/documento/700224,2.3. Discusión en Sala,2023-01-18,PersonaAut140,http://datos.bcn.cl/recurso/persona/1812,1812,carolina toha morales,CAROLINA TOHA MORALES,http://datos.bcn.cl/recurso/cl/documento/700224#PersonaAut140,False,False,False
1,http://datos.bcn.cl/recurso/cl/documento/700224,2.3. Discusión en Sala,2023-01-18,PersonaAut144,http://datos.bcn.cl/recurso/persona/362,362,mario arnello romo,MARIO ARNELLO ROMO,http://datos.bcn.cl/recurso/cl/documento/700224#PersonaAut144,False,True,False
1,http://datos.bcn.cl/recurso/cl/documento/700224,2.3. Discusión en Sala,2023-01-18,PersonaAut148,http://datos.bcn.cl/recurso/persona/5223,5223,ana bravo castro,ANA BRAVO CASTRO,http://datos.bcn.cl/recurso/cl/documento/700224#PersonaAut148,False,False,False
1,http://datos.bcn.cl/recurso/cl/documento/700224,2.3. Discusión en Sala,2023-01-18,PersonaAut150,http://datos.bcn.cl/recurso/persona/4541,4541,kenneth giorgio jackson drago,KENNETH GIORGIO JACKSON DRAGO,http://datos.bcn.cl/recurso/cl/documento/700224#PersonaAut150,False,False,False
1,http://datos.bcn.cl/recurso/cl/documento/700224,2.3. Discusión en Sala,2023-01-18,PersonaAut152,http://datos.bcn.cl/recurso/persona/5103,5103,jeannette isabel andrade ruiz,JEANNETTE ISABEL ANDRADE RUIZ,http://datos.bcn.cl/recurso/cl/documento/700224#PersonaAut152,False,True,False
1,http://datos.bcn.cl/recurso/cl/documento/700224,2.3. Discusión en Sala,2023-01-18,PersonaAut157,http://datos.bcn.cl/recurso/persona/5201,5201,daniel manouchehri lobos,DANIEL MANOUCHEHRI LOBOS,http://datos.bcn.cl/recurso/cl/documento/700224#PersonaAut157,False,True,False
1,http://datos.bcn.cl/recurso/cl/documento/700224,2.3. Discusión en Sala,2023-01-18,PersonaAut161,http://datos.bcn.cl/recurso/persona/5189,5189,christian matheson villan,CHRISTIAN MATHESON VILLAN,http://datos.bcn.cl/recurso/cl/documento/700224#PersonaAut161,False,True,False
1,http://datos.bcn.cl/recurso/cl/documento/700224,2.3. Discusión en Sala,2023-01-18,PersonaAut165,http://datos.bcn.cl/recurso/persona/4858,4858,lorena facuse rojas,LORENA FACUSE ROJAS,http://datos.bcn.cl/recurso/cl/documento/700224#PersonaAut165,False,False,False
1,http://datos.bcn.cl/recurso/cl/documento/700224,2.3. Discusión en Sala,2023-01-18,PersonaAut170,http://datos.bcn.cl/recurso/persona/5232,5232,ruben dario oyarzo figueroa,RUBEN DARIO OYARZO FIGUEROA,http://datos.bcn.cl/recurso/cl/documento/700224#PersonaAut170,False,True,False
1,http://datos.bcn.cl/recurso/cl/documento/700224,2.3. Discusión en Sala,2023-01-18,PersonaAut234,http://datos.bcn.cl/recurso/persona/5255,5255,jorge guzman zepeda,JORGE GUZMAN ZEPEDA,http://datos.bcn.cl/recurso/cl/documento/700224#PersonaAut234,False,True,False
1,http://datos.bcn.cl/recurso/cl/documento/700224,2.3. Discusión en Sala,2023-01-18,PersonaAut261,http://datos.bcn.cl/recurso/persona/1438,1438,fidel edgardo espinoza sandoval,FIDEL EDGARDO ESPINOZA SANDOVAL,http://datos.bcn.cl/recurso/cl/documento/700224#PersonaAut261,False,False,False
1,http://datos.bcn.cl/recurso/cl/documento/700224,2.3. Discusión en Sala,2023-01-18,PersonaAut299,http://datos.bcn.cl/recurso/persona/4591,4591,rafael prohens espinosa,RAFAEL PROHENS ESPINOSA,http://datos.bcn.cl/recurso/cl/documento/700224#PersonaAut299,False,False,False
1,http://datos.bcn.cl/recurso/cl/documento/700224,2.3. Discusión en Sala,2023-01-18,PersonaAut302,http://datos.bcn.cl/recurso/persona/4565,4565,joanna elena perez olea,JOANNA ELENA PEREZ OLEA,http://datos.bcn.cl/recurso/cl/documento/700224#PersonaAut302,False,True,False
1,http://datos.bcn.cl/recurso/cl/documento/700224,2.3. Discusión en Sala,2023-01-18,PersonaAut304,http://datos.bcn.cl/recurso/persona/5234,5234,miguel becker alvear,MIGUEL BECKER ALVEAR,http://datos.bcn.cl/recurso/cl/documento/700224#PersonaAut304,False,True,False
1,http://datos.bcn.cl/recurso/cl/documento/700224,2.3. Discusión en Sala,2023-01-18,PersonaAut306,http://datos.bcn.cl/recurso/persona/4562,4562,cosme leopoldo mellado pino,COSME LEOPOLDO MELLADO PINO,http://datos.bcn.cl/recurso/cl/documento/700224#PersonaAut306,False,True,False
1,http://datos.bcn.cl/recurso/cl/documento/700224,2.3. Discusión en Sala,2023-01-18,PersonaAut329,http://datos.bcn.cl/recurso/persona/4750,4750,carolina sepulveda sepulveda,CAROLINA SEPULVEDA SEPULVEDA,http://datos.bcn.cl/recurso/cl/documento/700224#PersonaAut329,False,False,False
1,http://datos.bcn.cl/recurso/cl/documento/700224,2.3. Discusión en Sala,2023-01-18,PersonaAut347,http://datos.bcn.cl/recurso/persona/2208,2208,miguel luis lagos lagos,MIGUEL LUIS LAGOS LAGOS,http://datos.bcn.cl/recurso/cl/documento/700224#PersonaAut347,False,False,False
1,http://datos.bcn.cl/recurso/cl/documento/700224,2.3. Discusión en Sala,2023-01-18,PersonaAut443,http://datos.bcn.cl/recurso/persona/4601,4601,gaston rene saavedra chandia,GASTON RENE SAAVEDRA CHANDIA,http://datos.bcn.cl/recurso/cl/documento/700224#PersonaAut443,False,False,False
1,http://datos.bcn.cl/recurso/cl/documento/700224,2.3. Discusión en Sala,2023-01-18,PersonaAut455,http://datos.bcn.cl/recurso/persona/5221,5221,lorena pizarro sierra,LORENA PIZARRO SIERRA,http://datos.bcn.cl/recurso/cl/documento/700224#PersonaAut455,False,True,False
1,http://datos.bcn.cl/recurso/cl/documento/700224,2.3. Discusión en Sala,2023-01-18,PersonaAut457,http://datos.bcn.cl/recurso/persona/1001,1001,pablo lorenzini basso,PABLO LORENZINI BASSO,http://datos.bcn.cl/recurso/cl/documento/700224#PersonaAut457,False,False,False
1,http://datos.bcn.cl/recurso/cl/documento/700224,2.3. Discusión en Sala,2023-01-18,PersonaAut461,http://datos.bcn.cl/recurso/persona/5190,5190,javiera morales alvarado,JAVIERA MORALES ALVARADO,http://datos.bcn.cl/recurso/cl/documento/700224#PersonaAut461,False,True,False
1,http://datos.bcn.cl/recurso/cl/documento/700224,2.3. Discusión en Sala,2023-01-18,PersonaAut469,http://datos.bcn.cl/recurso/persona/1091,1091,jose oyarce jara,JOSE OYARCE JARA,http://datos.bcn.cl/recurso/cl/documento/700224#PersonaAut469,False,False,False
1,http://datos.bcn.cl/recurso/cl/documento/700224,2.3. Discusión en Sala,2023-01-18,PersonaAut492,http://datos.bcn.cl/recurso/persona/4222,4222,michelle bachelet jeria,MICHELLE BACHELET JERIA,http://datos.bcn.cl/recurso/cl/documento/700224#PersonaAut492,False,True,False
1,http://datos.bcn.cl/recurso/cl/documento/700224,2.3. Discusión en Sala,2023-01-18,PersonaAut496,http://datos.bcn.cl/recurso/persona/4536,4536,gabriel boric font,GABRIEL BORIC FONT,http://datos.bcn.cl/recurso/cl/documento/700224#PersonaAut496,False,True,False
1,http://datos.bcn.cl/recurso/cl/documento/700224,2.3. Discusión en Sala,2023-01-18,PersonaAut504,http://datos.bcn.cl/recurso/persona/606,606,carlos anibal larrain pena,CARLOS ANIBAL LARRAIN PENA,http://datos.bcn.cl/recurso/cl/documento/700224#PersonaAut504,False,False,False
1,http://datos.bcn.cl/recurso/cl/documento/700224,2.3. Discusión en Sala,2023-01-18,PersonaAut635,http://datos.bcn.cl/recurso/persona/4674,4674,janis meneses palma,JANIS MENESES PALMA,http://datos.bcn.cl/recurso/cl/documento/700224#PersonaAut635,False,False,False
1,http://datos.bcn.cl/recurso/cl/documento/700224,2.3. Discusión en Sala,2023-01-18,PersonaAut641,http://datos.bcn.cl/recurso/persona/4216,4216,mario marcel cullel,MARIO MARCEL CULLEL,http://datos.bcn.cl/recurso/cl/documento/700224#PersonaAut641,False,False,False
1,http://datos.bcn.cl/recurso/cl/documento/700224,2.3. Discusión en Sala,2023-01-18,PersonaAut753,http://datos.bcn.cl/recurso/persona/4963,4963,daniela penaloza ramos,DANIELA PENALOZA RAMOS,http://datos.bcn.cl/recurso/cl/documento/700224#PersonaAut753,False,False,False
1,http://datos.bcn.cl/recurso/cl/documento/700224,2.3. Discusión en Sala,2023-01-18,PersonaAut755,http://datos.bcn.cl/recurso/persona/4576,4576,maite orsini pascal,MAITE ORSINI PASCAL,http://datos.bcn.cl/recurso/cl/documento/700224#PersonaAut755,False,True,False
1,http://datos.bcn.cl/recurso/cl/documento/700224,2.3. Discusión en Sala,2023-01-18,PersonaAut759,http://datos.bcn.cl/recurso/persona/4540,4540,renzo aldo trisotti martinez,RENZO ALDO TRISOTTI MARTINEZ,http://datos.bcn.cl/recurso/cl/documento/700224#PersonaAut759,False,True,False
1,http://datos.bcn.cl/recurso/cl/documento/700224,2.3. Discusión en Sala,2023-01-18,PersonaAut761,http://datos.bcn.cl/recurso/persona/2808,2808,perfecto lorca marcoleta,PERFECTO LORCA MARCOLETA,http://datos.bcn.cl/recurso/cl/documento/700224#PersonaAut761,False,False,False
1,http://datos.bcn.cl/recurso/cl/documento/700224,2.3. Discusión en Sala,2023-01-18,PersonaAut763,http://datos.bcn.cl/recurso/persona/5258,5258,sara concha smith,SARA CONCHA SMITH,http://datos.bcn.cl/recurso/cl/documento/700224#PersonaAut763,False,True,False
1,http://datos.bcn.cl/recurso/cl/documento/700224,2.3. Discusión en Sala,2023-01-18,PersonaAut823,http://datos.bcn.cl/recurso/persona/5212,5212,hector ulloa aguilera,HECTOR ULLOA AGUILERA,http://datos.bcn.cl/recurso/cl/documento/700224#PersonaAut823,False,True,False
1,http://datos.bcn.cl/recurso/cl/documento/700224,2.3. Discusión en Sala,2023-01-18,PersonaAut1263,http://datos.bcn.cl/recurso/persona/4628,4628,pamela jiles moreno,PAMELA JILES MORENO,http://datos.bcn.cl/recurso/cl/documento/700224#PersonaAut1263,False,True,False
1,http://datos.bcn.cl/recurso/cl/documento/700224,2.3. Discusión en Sala,2023-01-18,PersonaAut1265,http://datos.bcn.cl/recurso/persona/4960,4960,claudia gerlene pizarro pena,CLAUDIA GERLENE PIZARRO PENA,http://datos.bcn.cl/recurso/cl/documento/700224#PersonaAut1265,False,False,False
1,http://datos.bcn.cl/recurso/cl/documento/700224,2.3. Discusión en Sala,2023-01-18,PersonaAut1268,http://datos.bcn.cl/recurso/persona/5211,5211,ana maria gazmuri vieira,ANA MARIA GAZMURI VIEIRA,http://datos.bcn.cl/recurso/cl/documento/700224#PersonaAut1268,False,True,False
1,http://datos.bcn.cl/recurso/cl/documento/700224,2.3. Discusión en Sala,2023-01-18,PersonaAut1274,http://datos.bcn.cl/recurso/persona/835,835,maximiano errazuriz eguiguren,MAXIMIANO ERRAZURIZ EGUIGUREN,http://datos.bcn.cl/recurso/cl/documento/700224#PersonaAut1274,False,False,False
1,http://datos.bcn.cl/recurso/cl/documento/700224,2.3. Discusión en Sala,2023-01-18,PersonaAut1281,http://datos.bcn.cl/recurso/persona/5269,5269,paula labra besserer,PAULA LABRA BESSERER,http://datos.bcn.cl/recurso/cl/documento/700224#PersonaAut1281,False,True,False
1,http://datos.bcn.cl/recurso/cl/documento/700224,2.3. Discusión en Sala,2023-01-18,PersonaAut1283,http://datos.bcn.cl/recurso/persona/4937,4937,margarita alicia flores salazar,MARGARITA ALICIA FLORES SALAZAR,http://datos.bcn.cl/recurso/cl/documento/700224#PersonaAut1283,False,False,False
1,http://datos.bcn.cl/recurso/cl/documento/700224,2.3. Discusión en Sala,2023-01-18,PersonaAut1294,http://datos.bcn.cl/recurso/persona/4550,4550,marta carolina marzan pinto,MARTA CAROLINA MARZAN PINTO,http://datos.bcn.cl/recurso/cl/documento/700224#PersonaAut1294,False,True,False
1,http://datos.bcn.cl/recurso/cl/documento/700224,2.3. Discusión en Sala,2023-01-18,PersonaAut1303,http://datos.bcn.cl/recurso/persona/5060,5060,leal jorge rivera dolivet,LEAL JORGE RIVERA DOLIVET,http://datos.bcn.cl/recurso/cl/documento/700224#PersonaAut1303,False,False,False
1,http://datos.bcn.cl/recurso/cl/documento/700224,2.3. Discusión en Sala,2023-01-18,PersonaAut1313,http://datos.bcn.cl/recurso/persona/2255,2255,mario modesto arancibia cardenas,MARIO MODESTO ARANCIBIA CARDENAS,http://datos.bcn.cl/recurso/cl/documento/700224#PersonaAut1313,False,False,False
1,http://datos.bcn.cl/recurso/cl/documento/700224,2.3. Discusión en Sala,2023-01-18,PersonaAut1315,http://datos.bcn.cl/recurso/persona/5253,5253,eric aedo jeldres,ERIC AEDO JELDRES,http://datos.bcn.cl/recurso/cl/documento/700224#PersonaAut1315,False,True,False
1,http://datos.bcn.cl/recurso/cl/documento/700224,2.3. Discusión en Sala,2023-01-18,PersonaAut1336,http://datos.bcn.cl/recurso/persona/4666,4666,roberto vega campusano,ROBERTO VEGA CAMPUSANO,http://datos.bcn.cl/recurso/cl/documento/700224#PersonaAut1336,False,False,False
1,http://datos.bcn.cl/recurso/cl/documento/700224,2.3. Discusión en Sala,2023-01-18,PersonaAut1360,http://datos.bcn.cl/recurso/persona/5260,5260,felipe camano cardenas,FELIPE CAMANO CARDENAS,http://datos.bcn.cl/recurso/cl/documento/700224#PersonaAut1360,False,True,False
1,http://datos.bcn.cl/recurso/cl/documento/700224,2.3. Discusión en Sala,2023-01-18,PersonaAut1368,http://datos.bcn.cl/recurso/persona/5222,5222,tomas de rementeria venegas,TOMAS DE REMENTERIA VENEGAS,http://datos.bcn.cl/recurso/cl/documento/700224#PersonaAut1368,False,True,False
