document_uri,reference_date,person_href,speaker,automatic_status,automatic_candidates,resolution,party_at_date,party_at_date_href,evidence_url,evidence_note,reviewed_by,reviewed_at
http://datos.bcn.cl/recurso/cl/documento/696951,2022-01-24,http://datos.bcn.cl/recurso/persona/3688,Alejandro Navarro Brain,ambiguous,http://datos.bcn.cl/recurso/persona/3688/militancia/10842 | http://datos.bcn.cl/recurso/persona/3688/militancia/10840,confirmed,País Progresista,,https://observatoriocongreso.cl/wp-content/uploads/2022/09/Informe-Analisis-Anuario-Congreso-Nacional.pdf,Activo en País Progresista hasta el fin de su periodo senatorial en marzo de 2022.,Ismael Aguayo,2026-09-19
http://datos.bcn.cl/recurso/cl/documento/696951,2022-01-24,http://datos.bcn.cl/recurso/persona/4593,Carmen Gloria Aravena Acuña,not_found,,nonpartisan,Independiente,,https://www.bcn.cl/historiapolitica/resenas_biograficas/wiki/Carmen_Gloria_Aravena_Acu%C3%B1a,Renunció a Evópoli en 2019 y se incorporó al Partido Republicano en enero de 2023.,Ismael Aguayo,2026-09-19
http://datos.bcn.cl/recurso/cl/documento/698998,2022-01-26,http://datos.bcn.cl/recurso/persona/4558,Álvaro Carter Fernández,not_found,,nonpartisan,Independiente,,https://www.bcn.cl/historiapolitica/resenas_biograficas/wiki/%C3%81lvaro_Jorge_Carter_Fern%C3%A1ndez,Asumió el periodo 2022-2026 como independiente y militó en Republicanos desde marzo de 2025.,Ismael Aguayo,2026-09-19
http://datos.bcn.cl/recurso/cl/documento/704058,2024-01-24,http://datos.bcn.cl/recurso/persona/4603,Harry Jürgensen Rundshagen,not_found,,nonpartisan,Independiente,,https://www.bcn.cl/historiapolitica/resenas_biograficas/wiki/Harry_Kurt_Thomas_Jurgensen_Rundshagen,Firmó su militancia en Partido Republicano el 11 de junio de 2025.,Ismael Aguayo,2026-09-19
http://datos.bcn.cl/recurso/cl/documento/706982,2025-01-27,http://datos.bcn.cl/recurso/persona/5303,Paulina Vodanovic Rojas,not_found,,confirmed,Partido Socialista de Chile,,https://www.bcn.cl/historiapolitica/resenas_biograficas/wiki/Paulina_Vodanovic_Rojas,Militante del Partido Socialista desde 1989.,Ismael Aguayo,2026-09-19
http://datos.bcn.cl/recurso/cl/documento/706988,2025-01-29,http://datos.bcn.cl/recurso/persona/4558,Álvaro Carter Fernández,not_found,,nonpartisan,Independiente,,https://www.bcn.cl/historiapolitica/resenas_biograficas/wiki/%C3%81lvaro_Jorge_Carter_Fern%C3%A1ndez,Ingresó a la bancada Republicana en marzo de 2025 y militó desde ese mes.,Ismael Aguayo,2026-09-19
http://datos.bcn.cl/recurso/cl/documento/706988,2025-01-29,http://datos.bcn.cl/recurso/persona/4579,Sofía Cid Versalovic,not_found,,nonpartisan,Independiente,,https://obtienearchivo.bcn.cl/obtienearchivo?id=recursoslegales%2F10221.3%2F78644%2F1%2FC20250113_126.pdf,BCN la registra como IND el 13 de enero de 2025; su ingreso a Republicanos fue posterior durante 2025.,Ismael Aguayo,2026-09-19
http://datos.bcn.cl/recurso/cl/documento/706988,2025-01-29,http://datos.bcn.cl/recurso/persona/4603,Harry Jürgensen Rundshagen,not_found,,nonpartisan,Independiente,,https://www.bcn.cl/historiapolitica/resenas_biograficas/wiki/Harry_Kurt_Thomas_Jurgensen_Rundshagen,Firmó su militancia en Partido Republicano el 11 de junio de 2025.,Ismael Aguayo,2026-09-19
http://datos.bcn.cl/recurso/cl/documento/706988,2025-01-29,http://datos.bcn.cl/recurso/persona/4740,Roberto Celedón Fernández,not_found,,nonpartisan,Independiente,,https://www.bcn.cl/historiapolitica/convencionales_constituyentes/ficha/Roberto_Celed%C3%B3n_Fern%C3%A1ndez,Su reseña BCN indica participación política desde la independencia partidaria desde 1996.,Ismael Aguayo,2026-09-19
http://datos.bcn.cl/recurso/cl/documento/700181,2023-01-05,,Jeannette Jara,not_applicable,,confirmed,Partido Comunista de Chile,,https://www.camara.cl/verdoc.aspx?DESTINOID=252674&prmID=295806&prmTIPO=OFICIO,La fuente institucional identifica a Jeannette Jara Román como afiliada al Partido Comunista de Chile.,Ismael Aguayo,2026-09-22
http://datos.bcn.cl/recurso/cl/documento/700224,2023-01-18,,Jeannette Jara,not_applicable,,confirmed,Partido Comunista de Chile,,https://www.camara.cl/verdoc.aspx?DESTINOID=252674&prmID=295806&prmTIPO=OFICIO,La fuente institucional identifica a Jeannette Jara Román como afiliada al Partido Comunista de Chile.,Ismael Aguayo,2026-09-22
http://datos.bcn.cl/recurso/cl/documento/704142,2024-01-23,,Jeannette Jara,not_applicable,,confirmed,Partido Comunista de Chile,,https://www.camara.cl/verdoc.aspx?DESTINOID=252674&prmID=295806&prmTIPO=OFICIO,La fuente institucional identifica a Jeannette Jara Román como afiliada al Partido Comunista de Chile.,Ismael Aguayo,2026-09-22
http://datos.bcn.cl/recurso/cl/documento/706982,2025-01-27,,Jeannette Jara,not_applicable,,confirmed,Partido Comunista de Chile,,https://www.camara.cl/verdoc.aspx?DESTINOID=252674&prmID=295806&prmTIPO=OFICIO,La fuente institucional identifica a Jeannette Jara Román como afiliada al Partido Comunista de Chile.,Ismael Aguayo,2026-09-22
http://datos.bcn.cl/recurso/cl/documento/706988,2025-01-29,,Jeannette Jara,not_applicable,,confirmed,Partido Comunista de Chile,,https://www.camara.cl/verdoc.aspx?DESTINOID=252674&prmID=295806&prmTIPO=OFICIO,La fuente institucional identifica a Jeannette Jara Román como afiliada al Partido Comunista de Chile.,Ismael Aguayo,2026-09-22
http://datos.bcn.cl/recurso/cl/documento/700224,2023-01-18,http://datos.bcn.cl/recurso/persona/4216,Mario Marcel Cullell,not_applicable,,confirmed,Independiente,,https://www.bcn.cl/laborparlamentaria/participacion?idParticipacion=1989196,La fuente lo identifica como cercano al Partido Socialista; la codificación lo asigna al PS por decisión sustantiva del proyecto y no afirma militancia formal.,Ismael Aguayo,2026-09-22
http://datos.bcn.cl/recurso/cl/documento/704142,2024-01-23,http://datos.bcn.cl/recurso/persona/4216,Mario Marcel Cullell,not_applicable,,confirmed,Independiente,,https://www.bcn.cl/laborparlamentaria/participacion?idParticipacion=1989196,La fuente lo identifica como cercano al Partido Socialista; la codificación lo asigna al PS por decisión sustantiva del proyecto y no afirma militancia formal.,Ismael Aguayo,2026-09-22
http://datos.bcn.cl/recurso/cl/documento/706982,2025-01-27,http://datos.bcn.cl/recurso/persona/4216,Mario Marcel Cullell,not_applicable,,confirmed,Independiente,,https://www.bcn.cl/laborparlamentaria/participacion?idParticipacion=1989196,La fuente lo identifica como cercano al Partido Socialista; la codificación lo asigna al PS por decisión sustantiva del proyecto y no afirma militancia formal.,Ismael Aguayo,2026-09-22
http://datos.bcn.cl/recurso/cl/documento/706988,2025-01-29,http://datos.bcn.cl/recurso/persona/4216,Mario Marcel Cullell,not_applicable,,confirmed,Independiente,,https://www.bcn.cl/laborparlamentaria/participacion?idParticipacion=1989196,La fuente lo identifica como cercano al Partido Socialista; la codificación lo asigna al PS por decisión sustantiva del proyecto y no afirma militancia formal.,Ismael Aguayo,2026-09-22
http://datos.bcn.cl/recurso/cl/documento/696951,2022-01-24,,Rodrigo Cerda Norambuena,not_applicable,,nonpartisan,Independiente,,https://clapesuc.cl/en-los-medios/rodrigo-cerda-es-reconocido-por-sus-pares-como-el-economista-del-ano-2021,Declaró que no militaba en ningún partido y que era independiente durante su gestión ministerial.,Ismael Aguayo,2026-09-22
http://datos.bcn.cl/recurso/cl/documento/698998,2022-01-26,,Rodrigo Cerda Norambuena,not_applicable,,nonpartisan,Independiente,,https://clapesuc.cl/en-los-medios/rodrigo-cerda-es-reconocido-por-sus-pares-como-el-economista-del-ano-2021,Declaró que no militaba en ningún partido y que era independiente durante su gestión ministerial.,Ismael Aguayo,2026-09-22
http://datos.bcn.cl/recurso/cl/documento/697505,2022-01-03,http://datos.bcn.cl/recurso/persona/504,Patricio Melero Abaroa,not_applicable,,confirmed,Partido Unión Demócrata Independiente,,https://www.bcn.cl/historiapolitica/resenas_biograficas/wiki/Patricio_Melero_Abaroa,"Ministro del Trabajo del gobierno de Piñera; militante UDI según la BCN (el extractor ya registra UDI, pero su rol ministerial lo dejó como no aplicable).",Ismael Aguayo,2026-09-29
http://datos.bcn.cl/recurso/cl/documento/696951,2022-01-24,http://datos.bcn.cl/recurso/persona/504,Patricio Melero Abaroa,not_applicable,,confirmed,Partido Unión Demócrata Independiente,,https://www.bcn.cl/historiapolitica/resenas_biograficas/wiki/Patricio_Melero_Abaroa,"Ministro del Trabajo del gobierno de Piñera; militante UDI según la BCN (el extractor ya registra UDI, pero su rol ministerial lo dejó como no aplicable).",Ismael Aguayo,2026-09-29
http://datos.bcn.cl/recurso/cl/documento/698998,2022-01-26,http://datos.bcn.cl/recurso/persona/504,Patricio Melero Abaroa,not_applicable,,confirmed,Partido Unión Demócrata Independiente,,https://www.bcn.cl/historiapolitica/resenas_biograficas/wiki/Patricio_Melero_Abaroa,"Ministro del Trabajo del gobierno de Piñera; militante UDI según la BCN (el extractor ya registra UDI, pero su rol ministerial lo dejó como no aplicable).",Ismael Aguayo,2026-09-29
http://datos.bcn.cl/recurso/cl/documento/698998,2022-01-26,http://datos.bcn.cl/recurso/persona/3270,karla elizabeth rubilar barahona,not_applicable,,nonpartisan,Independiente,,https://www.bcn.cl/historiapolitica/resenas_biograficas/wiki/Karla_Rubilar_Barahona,BCN: independiente desde su salida de Amplitud (15-05-2015); ministra de Desarrollo Social 2020-2022.,Ismael Aguayo,2026-09-29
http://datos.bcn.cl/recurso/cl/documento/698998,2022-01-26,,Juan José Ossa Santa Cruz,not_applicable,,confirmed,Partido Renovación Nacional,,https://www.ex-ante.cl/politica/https-www-ex-ante-cl-perfil-20-cosas-que-tienes-que-saber-de-juan-jose-ossa-el-ministro-rn-de-la-moneda/,"Ministro Segpres del gobierno de Piñera (06-01-2021 a 11-03-2022); Ex-Ante lo describe como «el ministro RN de La Moneda». La BCN atribuía la intervención a su padre, Juan Luis Ossa Bulnes.",Ismael Aguayo,2026-09-29
