username;link;party;location;function;since;until
PauldeRook;twitter.com/PauldeRook;d66;Groningen;Wethouder;;Nu
gjvu;twitter.com/gjvu;vvd;Leeuwarden;Bestuurslid;;2017
marleenhaage;twitter.com/marleenhaage;pvda;Utrecht;Fractievoorzitter;2010;2017
BramFokke;twitter.com/BramFokke;d66;Utrecht;Gemeenteraadslid;2010;2015
harryvdmolen;twitter.com/harryvdmolen;cda;NL;Tweede-kamerlid;;Nu
jdvdborg;twitter.com/jdvdborg;cda;Apeldoorn;Fractievoorzitter;;Nu
FerryVeerman;twitter.com/FerryVeerman;cda;Edam-Volendam;Gemeenteraadslid;2003;2014
AadvanTongeren;twitter.com/AadvanTongeren;cda;Delft;;;Nu
Jossp1;twitter.com/Jossp1;sp;Smallingerland;Gemeenteraadslid;;Nu
okkodijkstra;twitter.com/okkodijkstra;cu;Stadskanaal;Gemeenteraadslid;2006;Nu
MartijnSiemes;twitter.com/MartijnSiemes;lokaal;Zutphen;Fractievoorzitter;2009;Nu
LauraPunt;twitter.com/LauraPunt;gl;Assen;Fractievoorzitter;2014;Nu
njoostens;twitter.com/njoostens;cu;Groningen;Gemeenteraadslid;;Nu
JelmerStaal;twitter.com/JelmerStaal;pvda;Leeuwarden;Gemeenteraadslid;2000;2016
Barttommelein;twitter.com/Barttommelein;lokaal;Oostende;Burgemeester;;Nu
brunobraakhuis;twitter.com/brunobraakhuis;pvdd;;;2012;Nu
sinasalim;twitter.com/sinasalim;d66;Ede;Gemeenteraadslid;2010;Nu
FritsVEndhoven;twitter.com/FritsVEndhoven;vvd;Maasdriel;Fractievoorzitter;;
maryfiers040;twitter.com/maryfiers040;pvda;NL;Eerste-kamerlid;2002;Nu
bennileemhuis;twitter.com/bennileemhuis;gl;Groningen;Fractievoorzitter;;Nu
HarryvHuijstee;twitter.com/HarryvHuijstee;pvda;Ede;Fractievoorzitter;;Nu
selcuk_nl;twitter.com/selcuk_nl;gl;Arnhem;Wethouder;;Nu
paul_d_jong;twitter.com/paul_d_jong;lokaal;Breda;Fractievoorzitter;;Nu
ReneeTeunissen;twitter.com/ReneeTeunissen;vvd;Zevenaar;Fractievoorzitter;;Nu
PaulusJansenSP;twitter.com/PaulusJansenSP;sp;Utrecht;Wethouder;2006;2014
veerleslegers;twitter.com/veerleslegers;sp;Tilburg;Statenlid;;2017
GroenLiesbeth;twitter.com/GroenLiesbeth;gl;NL;Tweede-kamerlid;2010;2017
AstridOosenbrug;twitter.com/AstridOosenbrug;pvda;NL;Tweede-kamerlid;2012;2017
VincentKoerse;twitter.com/VincentKoerse;gl;Waterland;Fractievoorzitter;;Nu
anniepostma;twitter.com/anniepostma;gl;Ten Boer;Wethouder;;Nu
CarelBruring;twitter.com/CarelBruring;gl;Goes;Fractievoorzitter;;Nu
LarsRoodenburg;twitter.com/LarsRoodenburg;d66;Leidsche Rijn;Gemeenteraadslid;;Nu
stijnverbruggen;twitter.com/stijnverbruggen;pvda;Nijmegen;Gemeenteraadslid;2006;2012
PaulVermast;twitter.com/PaulVermast;gl;Dronten;Fractievoorzitter;;Nu
fennaulichki;twitter.com/fennaulichki;gl;Amsterdam;;;Nu
hengelgj;twitter.com/hengelgj;vvd;Barneveld;Wethouder;;Nu
Pilotwin;twitter.com/Pilotwin;pvda;Oude Ijsselstreek;Burgemeester;;Nu
MarcHesp;twitter.com/MarcHesp;d66;Groningen;Gemeenteraadslid;;Nu
AnneMarieMineur;twitter.com/AnneMarieMineur;sp;EU;Europarlementarier;;Nu
TimZwertbroek;twitter.com/TimZwertbroek;d66;Groningen;Statenlid;;Nu
frisodouwstra;twitter.com/frisodouwstra;cda;Leeuwarden;Wethouder;;Nu
CarlienRoodink;twitter.com/CarlienRoodink;d66;Amsterdam;Gemeenteraadslid;2010;2014
LodewijkA;twitter.com/LodewijkA;pvda;NL;Partijleider;;Nu
geasmithbults;twitter.com/geasmithbults;gl;Assen;Wethouder;;Nu
dicokuiper;twitter.com/dicokuiper;pvda;Amersfoort;;2013;Nu
JacquesMonasch;twitter.com/JacquesMonasch;pvda;NL;Tweede-kamerlid;2010;2017
PepijnBoekhorst;twitter.com/PepijnBoekhorst;gl;Nijmegen;Fractievoorzitter;2010;2018
andrevanschie;twitter.com/andrevanschie;vvd;Utrecht;Gemeenteraadslid;;Nu
michelk;twitter.com/michelk;gl;Gouda;Fractievoorzitter;2006;2017
danielvanderree;twitter.com/danielvanderree;vvd;NL;Tweede-kamerlid;;Nu
lutzjacobi;twitter.com/lutzjacobi;pvda;Leeuwarden;Gemeenteraadslid;;Nu
peptalk010;twitter.com/peptalk010;cda;Rotterdam;Gemeenteraadslid;2012;2015
jvb038;twitter.com/jvb038;cu;Zwolle;Gemeenteraadslid;2000;2013
devoscarl;twitter.com/devoscarl;;;;;
bergbrabant;twitter.com/bergbrabant;pvv;Brabant;Statenlid;;Nu
SandraSchoppers;twitter.com/SandraSchoppers;pvda;;Gemeenteraadslid;2010;2014
leovdzon;twitter.com/leovdzon;vvd;Teylingen;Wethouder;2006;2014
Harry_Bevers;twitter.com/Harry_Bevers;vvd;Leeuwarden;Gemeenteraadslid;;Nu
gertboeve;twitter.com/gertboeve;cda;Amersfoort;Wethouder;2008;2013
alexanderkreule;twitter.com/alexanderkreule;vvd;Raalte;Fractievoorzitter;;Nu
TomvdnN;twitter.com/TomvdnN;gl;Utrecht;Wethouder;;Nu
Klaas_Woltinge;twitter.com/Klaas_Woltinge;gl;;;;Nu
IngeEshuis;twitter.com/IngeEshuis;d66;Assen;Fractievoorzitter;2002;2014
CUJanD;twitter.com/CUJanD;cu;;;;Nu
DesireeEgberts;twitter.com/DesireeEgberts;sp;Arnhem;;;2014
Dick12;twitter.com/Dick12;cda;Rotterdam;;;
clairevaessen;twitter.com/clairevaessen;gl;Culemborg;;;2015
zeefNL;twitter.com/zeefNL;vvd;Leiden;Gemeenteraadslid;;Nu
TinevandeWeyer;twitter.com/TinevandeWeyer;pvda;Tilburg;Gemeenteraadslid;2006;Nu
tinekelaverman;twitter.com/tinekelaverman;pvda;;;;2015
jmaouche;twitter.com/jmaouche;gl;wageningen;;;nu
luciengreefkes;twitter.com/luciengreefkes;sp;wageningen;;;2015
Monicafalck;twitter.com/Monicafalck;gl;soest;;2014;2018
lindavoortman;twitter.com/lindavoortman;gl;;;;
Kloosterboer;twitter.com/Kloosterboer;sp;apeldoorn;;;
KleinNorbert;twitter.com/KleinNorbert;vp;;;;
magdaberndsen;twitter.com/magdaberndsen;d66;;;;
SadetKarabulut;twitter.com/SadetKarabulut;sp;;;;
paululenbelt;twitter.com/paululenbelt;sp;;;;
2eKamertweets;twitter.com/2eKamertweets;tweede-kamer;;;;
SjoerdPotters;twitter.com/SjoerdPotters;vvd;;;;
JohnKerstens;twitter.com/JohnKerstens;pvda;;;;
henknijboer;twitter.com/henknijboer;pvda;;;;
BrigittevdB;twitter.com/BrigittevdB;vvd;;;;
TonElias;twitter.com/TonElias;vvd;;;;
helmanepperus;twitter.com/helmanepperus;vvd;;;;
elbertdijkgraaf;twitter.com/elbertdijkgraaf;sgp;;;;
svanweyenberg;twitter.com/svanweyenberg;d66;;;;
keklikyucel;twitter.com/keklikyucel;pvda;;;;
hvbommel;twitter.com/hvbommel;sp;;;;
NineKooiman;twitter.com/NineKooiman;sp;;;;
Vera_Bergkamp;twitter.com/Vera_Bergkamp;d66;;;;
HelmaLodders;twitter.com/HelmaLodders;vvd;;;;
vanHijum;twitter.com/vanHijum;cda;;;;
remcovvd;twitter.com/remcovvd;vvd;;;;
meilivos;twitter.com/meilivos;pvda;;;;
HenkKrol;twitter.com/HenkKrol;50plus;;;;
PieterOmtzigt;twitter.com/PieterOmtzigt;cda;;;;
diederiksamsom;twitter.com/diederiksamsom;pvda;;;;
mariannethieme;twitter.com/mariannethieme;pvdd;;;;
MirjamWulfse;twitter.com/MirjamWulfse;vvd;;;;
erikderidder;twitter.com/erikderidder;cda;;;;
Gerbijl;twitter.com/Gerbijl;inwonersbelang;;;;
AnnemiekdeCrom;twitter.com/AnnemiekdeCrom;gl;amersfoort;;;
HarrevdNat;twitter.com/HarrevdNat;sp;;;;
PMdeVos;twitter.com/PMdeVos;sp;;;;
PIETWANROOIJ;twitter.com/PIETWANROOIJ;pvda;;;;
JandeGeus;twitter.com/JandeGeus;d66;;;;
Ton_vanden_Berg;twitter.com/Ton_vanden_Berg;sp;almere;Gemeenteraadslid;;
PGWelman;twitter.com/PGWelman;cda;enschede;;;
cvrooijen;twitter.com/cvrooijen;gl;;;;
MPVissers;twitter.com/MPVissers;sp;;;;
ElinedeKoning;twitter.com/ElinedeKoning;pvda;Leeuwarden;Gemeenteraadslid;;
RonaldCamstra;twitter.com/RonaldCamstra;gl;zeist;Fractievoorzitter;;
groenlinks055;twitter.com/groenlinks055;gl;apeldoorn;partij;;
detrompettist;twitter.com/detrompettist;cda;;;;
ClaessensCMJP;twitter.com/ClaessensCMJP;cda;;;;
groen;twitter.com/groen;groen;;;;
KasVanpoucke;twitter.com/KasVanpoucke;spa;;;;
henkbeerten;twitter.com/henkbeerten;d66;nl;;;
jan_bert;twitter.com/jan_bert;d66;Amsterdam;Gemeenteraadslid;;
Titialeeuwen;twitter.com/Titialeeuwen;gl;;;;
willemjoustra;twitter.com/willemjoustra;vvd;;;;
YuriAnkone;twitter.com/YuriAnkone;d66;oldenzaal;;;2017
pebrink;twitter.com/pebrink;cu;putten;;;
lelystadlokaal;twitter.com/lelystadlokaal;;lelystad;;;
groenlinkser;twitter.com/groenlinkser;gl;itteren;wethouder;;
mmulder1972;twitter.com/mmulder1972;sp;;;;
msaraswati;twitter.com/msaraswati;groen;gent;Gemeenteraadslid;;
ThomasVO;twitter.com/ThomasVO;groen;leuven;Gemeenteraadslid;;
PimSiegers;twitter.com/PimSiegers;sp;;;;
elkevdbrandt;twitter.com/elkevdbrandt;groen;brussel;Gemeenteraadslid;;
ElinevdBoogaard;twitter.com/ElinevdBoogaard;pvda;dordrecht;statenlid;;2013
JanvdMeer;twitter.com/JanvdMeer;gl;;;;
cdenv;twitter.com/cdenv;cdv;be;partij;;
lianneduiven;twitter.com/lianneduiven;gl;lingewaard;Fractievoorzitter;;
PauldeBeerD66;twitter.com/PauldeBeerD66;d66;breda;wethouder;;
_Hagar;twitter.com/_Hagar;gl;;;;
tiersbakker;twitter.com/tiersbakker;sp;amsterdam;Gemeenteraadslid;;
DennisRam;twitter.com/DennisRam;pvv;;;;
micheleggermont;twitter.com/micheleggermont;sp;utrecht;;;
CvanBrenk;twitter.com/CvanBrenk;50plus;;;;
amelewe;twitter.com/amelewe;sp;;;;
MarellaLute;twitter.com/MarellaLute;vlp;roosendaal;;;2017
Theunis48;twitter.com/Theunis48;cda;utrecht;;2014;2018
ReneDercksen;twitter.com/ReneDercksen;pvv;;;;
digilis;twitter.com/digilis;vvd;utrecht;Fractievoorzitter;;
fritsdekaart;twitter.com/fritsdekaart;pvda;;;;
PVVKesteren;twitter.com/PVVKesteren;pvv;;;;
wjvanderzanden;twitter.com/wjvanderzanden;gl;oosterhout;Gemeenteraadslid;;
MPerton;twitter.com/MPerton;d66;raalte;;;
baltussen;twitter.com/baltussen;;;;;
JohnSwelsen;twitter.com/JohnSwelsen;gl;arnhem;;;2013
Nourdin_;twitter.com/Nourdin_;nida;rotterdam;;;
FAJPeters;twitter.com/FAJPeters;vvd;gelderland;statenlid;;
LaradeBrito;twitter.com/LaradeBrito;gl;wageningen;alderman;;
AngeliqueCDA;twitter.com/AngeliqueCDA;cda;;;;
Pieter_Kos;twitter.com/Pieter_Kos;gl;den helder;wethouder;;
robertkleinjr;twitter.com/robertkleinjr;stadspartij;den helder;;;2018
JacquesHappe;twitter.com/JacquesHappe;d66;amersfoort;;;
berthoman;twitter.com/berthoman;vvd;drenthe;;;
hansnijhof;twitter.com/hansnijhof;gl;utrecht;;;2018
AnnaLenaPx;twitter.com/AnnaLenaPx;pvda;;;;
IsabelleDiks;twitter.com/IsabelleDiks;gl;;;;
msyap;twitter.com/msyap;pvda;roosendaal;;;
CP_4_Heerlen;twitter.com/CP_4_Heerlen;realisten;heerlen;;;2018
rvanbraam;twitter.com/rvanbraam;sp;zaanstad;Gemeenteraadslid;;
bbenjamins;twitter.com/bbenjamins;d66;Groningen;;;
MarcoOut;twitter.com/MarcoOut;vvd;assen;Burgemeester;;
mariskasloot;twitter.com/mariskasloot;gvh;haren;Gemeenteraadslid;;
MarcelHouD66;twitter.com/MarcelHouD66;d66;;;;2018
pvdrenth;twitter.com/pvdrenth;nez;;;;
Freijters;twitter.com/Freijters;d66;uden;;;
RutgerGW;twitter.com/RutgerGW;gl;amsterdam;;;
MarjoleinMoor;twitter.com/MarjoleinMoor;pvda;amsterdam;;;
StefBijl;twitter.com/StefBijl;pvda;zevenaar;wethouder;;2017
NienkeHoman;twitter.com/NienkeHoman;gl;;;;
peterdedecker;twitter.com/peterdedecker;nva;gent;;;
Hollander76;twitter.com/Hollander76;vvd;Leeuwarden;Fractievoorzitter;;
EricvKaathoven;twitter.com/EricvKaathoven;sp;;;;
theakoster;twitter.com/theakoster;cda;Leeuwarden;wethouder;;2016
TjerkVoigt;twitter.com/TjerkVoigt;pvda;;;;
marjanvangiezen;twitter.com/marjanvangiezen;pvda;;;;
reinouts;twitter.com/reinouts;gl;rotterdam;;;
HaykeVeldman;twitter.com/HaykeVeldman;vvd;;;;
jurrvandalen;twitter.com/jurrvandalen;d66;;;;
Ritaweeda;twitter.com/Ritaweeda;pvda;;;;
ArthurWarmer67;twitter.com/ArthurWarmer67;pvda;buuren;;;
tenkatejan;twitter.com/tenkatejan;gemeentebelangen;wolden;wethouder;;
GertJanWeierink;twitter.com/GertJanWeierink;vvd;;;;
vergunst;twitter.com/vergunst;gl;Nijmegen;wethouder;;
LennartFeijen;twitter.com/LennartFeijen;sp;zoetermeer;;;2018
lenegrooten;twitter.com/lenegrooten;gl;;;;
ikbenKRIS;twitter.com/ikbenKRIS;gl;;;;
JeroenvanDijen;twitter.com/JeroenvanDijen;sp;;;;
philippebossin;twitter.com/philippebossin;groen;be;;;
wouter2004;twitter.com/wouter2004;sos;be;;;
FrederickVdp;twitter.com/FrederickVdp;vld;be;;;
karinvdburgt;twitter.com/karinvdburgt;d66;wageningen;;;
JasperFastl;twitter.com/JasperFastl;gl;;;;
alfredblokhuize;twitter.com/alfredblokhuize;gl;;;;2015
OeneDoevendans;twitter.com/OeneDoevendans;vvd;;;;
joostvankeulen;twitter.com/joostvankeulen;vvd;;;;
miekebos1;twitter.com/miekebos1;vvd;;;;
haraldvanroekel;twitter.com/haraldvanroekel;hart voor wageningen;;;;
jelhoekstra;twitter.com/jelhoekstra;vvd;;;;
rwaarde;twitter.com/rwaarde;gl;;;;
deburgemeester;twitter.com/deburgemeester;d66;;;;
JeroenMirck;twitter.com/JeroenMirck;d66;;;;2018
Robgeleijnse;twitter.com/Robgeleijnse;pvda;;;;
HeerdJan;twitter.com/HeerdJan;d66;;;;
TonSchijvenaars;twitter.com/TonSchijvenaars;nieuwe democraten;roosendaal;;;2018
ellygezellie;twitter.com/ellygezellie;pvv;;;;
btdegroot;twitter.com/btdegroot;cu;amsterdam;;;
AKerstholt;twitter.com/AKerstholt;vvd;;;;
Dick_Kalkman;twitter.com/Dick_Kalkman;pvda;;;;
ArneSchaddelee;twitter.com/ArneSchaddelee;cu;;;;
ellyvwageningen;twitter.com/ellyvwageningen;cu;lelystad;;;
jackschoone;twitter.com/jackschoone;;lelystad;;;
rijsberman;twitter.com/rijsberman;d66;;;;
Petervanrompuy;twitter.com/Petervanrompuy;cdv;be;;;
wimpelgrim;twitter.com/wimpelgrim;d66;;;;
EuroPaulB;twitter.com/EuroPaulB;d66;;;;
KarinBoelhouwer;twitter.com/KarinBoelhouwer;gl;;;;
Aernoud;twitter.com/Aernoud;cda;;;;
lobkezandstra;twitter.com/lobkezandstra;pvda;;;;
MarusjkaD66;twitter.com/MarusjkaD66;d66;;;;
tombogman;twitter.com/tombogman;spa;be;;;
openvld;twitter.com/openvld;vld;be;partij;;
jeroenfritz;twitter.com/jeroenfritz;pvda;;;;
Worsdorfer;twitter.com/Worsdorfer;vvd;;;;
peterkerris;twitter.com/peterkerris;pvda;;;;
JanitaTabak;twitter.com/JanitaTabak;pvda;kampen;Fractievoorzitter;;
Steijger;twitter.com/Steijger;zeewolde liberaal;zeewolde;Fractievoorzitter;;
hettyjanssen;twitter.com/hettyjanssen;pvda;;;;
marjoleines;twitter.com/marjoleines;pvda;borger-odoorn;;;
msteeman;twitter.com/msteeman;d66;castricum;wethouder;;
MichielScheffer;twitter.com/MichielScheffer;d66;;;;
marjofrenk;twitter.com/marjofrenk;gl;tilburg;wethouder;;
AddyPlieger;twitter.com/AddyPlieger;cu;;;;
Rudi_Oortwijn;twitter.com/Rudi_Oortwijn;gl;culumborg;;;
JockoRensen;twitter.com/JockoRensen;pvda;houten;wethouder;;
janwestert;twitter.com/janwestert;cu;;;;
Akkerjoost;twitter.com/Akkerjoost;vvd;;;;
A_marins;twitter.com/A_marins;pvda;;;2010;2018
sabineandeweg;twitter.com/sabineandeweg;d66;;;;
RuttenGwendolyn;twitter.com/RuttenGwendolyn;vld;be;;;
SandraBeckerman;twitter.com/SandraBeckerman;sp;;;;
sthbracke;twitter.com/sthbracke;nva;be;;;
sabinekoebrugge;twitter.com/sabinekoebrugge;vvd;;;;
mamberends;twitter.com/mamberends;pvda;;;;
Marijeeleveld;twitter.com/Marijeeleveld;pvda;;;;2017
mbordewijk;twitter.com/mbordewijk;d66;;;;
eduardvzuijlen;twitter.com/eduardvzuijlen;gl;;;;2017
mickellangeveld;twitter.com/mickellangeveld;gl;;;;
margreetdeboer;twitter.com/margreetdeboer;gl;;;;
HansHaring;twitter.com/HansHaring;d66;woerden;;;
TvdVen;twitter.com/TvdVen;pvda;Vught;;;
sp_a;twitter.com/sp_a;spa;be;partij;;
CarineBloemhoff;twitter.com/CarineBloemhoff;pvda;;;;
petervheemst;twitter.com/petervheemst;pvda;;;;2006
WMeeuwissen;twitter.com/WMeeuwissen;vvd;;;;
ericvanderburg;twitter.com/ericvanderburg;vvd;amsterdam;wethouder;;
AxelBoomgaars;twitter.com/AxelBoomgaars;gl;;;;
MariannePoot;twitter.com/MariannePoot;vvd;amsterdam;Gemeenteraadslid;;
rubenwoudsma;twitter.com/rubenwoudsma;cda;huizen;;;
MartijnvdVeen;twitter.com/MartijnvdVeen;cda;;;;
VVD;twitter.com/VVD;vvd;;;;
AldavanZijl;twitter.com/AldavanZijl;d66;;;;
zeeger;twitter.com/zeeger;gl;amsterdam;;;
ErwinDeDeyn;twitter.com/ErwinDeDeyn;bbtk;be;vakbond;;
petervangool;twitter.com/petervangool;d66;tilburg;;;
EllenVerkoelen;twitter.com/EllenVerkoelen;cda;;;;
marijke54;twitter.com/marijke54;d66;steenbergen;wethouder;;
AafkePostma;twitter.com/AafkePostma;pvda;achtkarspelen;;;2016
marcoflorijn;twitter.com/marcoflorijn;pvda;;;;
Johanvandenhout;twitter.com/Johanvandenhout;sp;;statenlid;;
Mirjam_de_Rijk;twitter.com/Mirjam_de_Rijk;gl;utrecht;wethouder;2010;2014
martienbrander;twitter.com/martienbrander;pvda;haarlem;;;
ChrisvandenBos;twitter.com/ChrisvandenBos;vvd;;;;
RobJetten;twitter.com/RobJetten;d66;;;;
nlsptrs;twitter.com/nlsptrs;fnv;;vakbond;;
jnnvngst;twitter.com/jnnvngst;pvda;maassluis;Gemeenteraadslid;;
__Esther__;twitter.com/__Esther__;d66;wijchen;;;
RemineAlberts;twitter.com/RemineAlberts;sp;;;;
wfschiltz;twitter.com/wfschiltz;vld;be;;;
Josi2302;twitter.com/Josi2302;sp;;;;
AnkievTatenhove;twitter.com/AnkievTatenhove;cu;;;;
AlfonsP_VDG;twitter.com/AlfonsP_VDG;vdg;oss;;;
Rikwinsemius;twitter.com/Rikwinsemius;pvda;;;2014;
Hans_Adriani;twitter.com/Hans_Adriani;pvda;nieuwegein;;;
goedderz;twitter.com/goedderz;gl;berg en dal;;;
ericleltz;twitter.com/ericleltz;gl;den bosch;;;
Borisham;twitter.com/Borisham;d66;;;2012;
FleurNorbruis;twitter.com/FleurNorbruis;gl;delft;;;
arjenmaathuis;twitter.com/arjenmaathuis;vvd;almelo;;;
BiancaDebaets;twitter.com/BiancaDebaets;cdv;brussel;;;
BartDhondt;twitter.com/BartDhondt;groen;brussel;;;
beantsje;twitter.com/beantsje;cu;;;;
Marksnoeren;twitter.com/Marksnoeren;vvd;nieuwegein;Fractievoorzitter;;
ThomasLeys;twitter.com/ThomasLeys;vld;leuven;;;
HeleneOppatja;twitter.com/HeleneOppatja;pvda;;;;
apvanrosmalen;twitter.com/apvanrosmalen;gl;den bosch;;;
RonaldHaverkamp;twitter.com/RonaldHaverkamp;vvd;rheden;;;
GerardFidom;twitter.com/GerardFidom;gl;hoogeveen;;;
ldekleijn;twitter.com/ldekleijn;sp;rotterdam;;;
Koenie;twitter.com/Koenie;sp;utrecht;;;
MirjamSterk;twitter.com/MirjamSterk;cda;;;;2012
RoelLauwerier;twitter.com/RoelLauwerier;vvd;tilburg;;;
BasMaes;twitter.com/BasMaes;sp;;;;
RoyRistie;twitter.com/RoyRistie;d66;amsterdam;;;
rgnodde;twitter.com/rgnodde;gl;Leeuwarden;;;
kriens;twitter.com/kriens;pvda;;;;
jeroenolthof;twitter.com/jeroenolthof;pvda;;;;
WimRill;twitter.com/WimRill;gl;kampen;;;
marckiel;twitter.com/marckiel;vvd;wageningen;;;
rengelink;twitter.com/rengelink;pvda;amsterdam;;;
ranaberends;twitter.com/ranaberends;gl;zwolle;;;2013
jtpgubbens;twitter.com/jtpgubbens;d66;;;;
jmosinga;twitter.com/jmosinga;vvd;;;;
rudyaernoudt;twitter.com/rudyaernoudt;;;;;
pvpbrussels;twitter.com/pvpbrussels;;;;;
jacquelinepvda;twitter.com/jacquelinepvda;pvda;dordrecht;;;
Rtkrk;twitter.com/Rtkrk;gl;tynaarlo;;;
sebastiaanvliet;twitter.com/sebastiaanvliet;jong wbs;;;;2017
jvandendonk;twitter.com/jvandendonk;pvda;;;;
Hejer1;twitter.com/Hejer1;;;;;
BramBoriau;twitter.com/BramBoriau;spa;be;;;
pdegrauwe;twitter.com/pdegrauwe;;;;;
ggroeneweg;twitter.com/ggroeneweg;pvda;bergen op zoom;;;2010
rondekort;twitter.com/rondekort;pvda;;;;
AnitaVlam;twitter.com/AnitaVlam;vvd;;;;
navverheul;twitter.com/navverheul;gl;;;;
MariannevdT;twitter.com/MariannevdT;d66;;;;
HarrieMiedema;twitter.com/HarrieMiedema;gl;;;;
tijs_de_bree;twitter.com/tijs_de_bree;pvda;;;;
IrenevanHooff;twitter.com/IrenevanHooff;vvd;;;;
NurettinAltunda;twitter.com/NurettinAltunda;sp;;;;
berendpotjer;twitter.com/berendpotjer;gl;;;;
rverleisdonk;twitter.com/rverleisdonk;d66;;;;
rientje1;twitter.com/rientje1;sp;;;;
BenPaulides;twitter.com/BenPaulides;nederland-lokaal;;;;
CarinaNieuw;twitter.com/CarinaNieuw;pvda;;;;
madamiesen;twitter.com/madamiesen;vvd;;;;
hermannijskens;twitter.com/hermannijskens;vvd;;;;
LeanderBroere;twitter.com/LeanderBroere;pvda;;;;
MoniqueSparla;twitter.com/MoniqueSparla;vp;;;;
Pieter_Kroon;twitter.com/Pieter_Kroon;gp;;;;
PaulHaseloop;twitter.com/PaulHaseloop;vvd;;;;
willemdejager67;twitter.com/willemdejager67;pvda;;;;
ElsGroenLinks;twitter.com/ElsGroenLinks;gl;;;;
sentwierda;twitter.com/sentwierda;psp'92-gelderland;;;;
Lammers_Ruud;twitter.com/Lammers_Ruud;vp;;;;
YurreWieken;twitter.com/YurreWieken;sp;;;;
Robertdewit1990;twitter.com/Robertdewit1990;cda;;;;
AlwinHietbrink;twitter.com/AlwinHietbrink;gl;;;;
leenvandijke;twitter.com/leenvandijke;cu;;;;
nstrolenberg;twitter.com/nstrolenberg;d66;;;;
patricbrunklaus;twitter.com/patricbrunklaus;gl;;;;
de_willem;twitter.com/de_willem;pvda;;;;
AylaSchneiders;twitter.com/AylaSchneiders;d66;;;;
Maaikytje;twitter.com/Maaikytje;sp;;;;
Toubke;twitter.com/Toubke;gl;;;;
cjvankranenburg;twitter.com/cjvankranenburg;cu;;;;
MariekeWilschut;twitter.com/MariekeWilschut;pvdd;;;;
pvlutters;twitter.com/pvlutters;gl;;;;
MennoSiljee;twitter.com/MennoSiljee;pvda;;;;
Wout_Jansen;twitter.com/Wout_Jansen;50plus;;;;
FrankPKuijpers;twitter.com/FrankPKuijpers;cda;;;;
harroboven;twitter.com/harroboven;d66;;;;
EVDB21;twitter.com/EVDB21;sp;;;;
MichelKleinCU;twitter.com/MichelKleinCU;cu;;;;
JanAtzeNicolai;twitter.com/JanAtzeNicolai;gl;;;;
aukelienjellema;twitter.com/aukelienjellema;pvda;;;;
henk_zandvliet;twitter.com/henk_zandvliet;gl;;;;
groeneveldm;twitter.com/groeneveldm;vvd;;;;
AntoonKanis;twitter.com/AntoonKanis;d66;;;;
GerwiTemmink;twitter.com/GerwiTemmink;gl;;;;
BaertedeBrey;twitter.com/BaertedeBrey;vvd;;;;
ramonbarends;twitter.com/ramonbarends;lokaal-in-de-kamer;;;;
LiaFlikweert;twitter.com/LiaFlikweert;partij-voor-zeeland;;;;
mldepijper;twitter.com/mldepijper;sp;;;;
H_Vreugdenhil;twitter.com/H_Vreugdenhil;cu;;;;
Zita_Pels;twitter.com/Zita_Pels;gl;;;;
rijnders_k;twitter.com/rijnders_k;vrije-politiek;;;;
BWijnne;twitter.com/BWijnne;sgp;;;;
karinjeurink;twitter.com/karinjeurink;pvda;;;;
JanetDuursma;twitter.com/JanetDuursma;gl;;;;
DolfVink;twitter.com/DolfVink;vvd;;;;
YvonnedeJager;twitter.com/YvonnedeJager;pvda;;;;
DennisWanningen;twitter.com/DennisWanningen;vvd;;;;
LammertvanRaan;twitter.com/LammertvanRaan;pvdd;;;;
Huri_Sahin;twitter.com/Huri_Sahin;gl;;;;
Arne_Verbrugh;twitter.com/Arne_Verbrugh;lp;;;;
mosjemeijler;twitter.com/mosjemeijler;sp;;;;
RenevanderKruk;twitter.com/RenevanderKruk;pvdd;;;;
PLPSFransen;twitter.com/PLPSFransen;gl;;;;
gerdakoopman;twitter.com/gerdakoopman;gl;;;;
HMeendering;twitter.com/HMeendering;gl;;;;
JanvandeVen81;twitter.com/JanvandeVen81;d66;;;;
roelsint;twitter.com/roelsint;sp;;;;
GertOldambt;twitter.com/GertOldambt;pvda;;;;
HaroldHofstra;twitter.com/HaroldHofstra;cu;;;;
annebethpvda;twitter.com/annebethpvda;pvda;;;;
hermendegraaf;twitter.com/hermendegraaf;cda;;;;
KlaassenSuzanne;twitter.com/KlaassenSuzanne;d66;;;;
HiltjeKeller;twitter.com/HiltjeKeller;pvdd;;;;
JuanvanGinkel;twitter.com/JuanvanGinkel;libertarische-partij;;;;
chrisubels;twitter.com/chrisubels;vvd;;;;
Dijkstra_Laura;twitter.com/Dijkstra_Laura;vvd;;;;
GerritJanBroeze;twitter.com/GerritJanBroeze;gl;;;;
LFBervoets;twitter.com/LFBervoets;de-burger-beweging;;;;
JoranTibor;twitter.com/JoranTibor;pp;;;;
WassenbergFrank;twitter.com/WassenbergFrank;pvdd;;;;
MarcelOosterbos;twitter.com/MarcelOosterbos;gl;;;;
inekehendrickx;twitter.com/inekehendrickx;gl;;;;
wmetselaar;twitter.com/wmetselaar;sp;;;;
Matthijs85;twitter.com/Matthijs85;pp;;;;
MientHamstra;twitter.com/MientHamstra;d66;;;;
Astrid_Ens;twitter.com/Astrid_Ens;vvd;;;;
EugenieStolk;twitter.com/EugenieStolk;pvda;;;;
AnnetKrijgsman;twitter.com/AnnetKrijgsman;pvda;;;;
BijkerJ;twitter.com/BijkerJ;sp;;;;
Teaumas;twitter.com/Teaumas;d66;;;;
Jan_Anthonie;twitter.com/Jan_Anthonie;vvd;;;;
ruardganzevoort;twitter.com/ruardganzevoort;gl;;;;
floragoudappel;twitter.com/floragoudappel;pvda;;;;
gertjankats;twitter.com/gertjankats;sgp;;;;
djhvandijk;twitter.com/djhvandijk;sgp;;;;
Tineke_Strik;twitter.com/Tineke_Strik;gl;;;;
peterkwint;twitter.com/peterkwint;sp;;;;
SimionBlom;twitter.com/SimionBlom;gl;amsterdam;;;
GroenLinks020;twitter.com/GroenLinks020;gl;;;;
DilanYesilgoz;twitter.com/DilanYesilgoz;vvd;;;;
VVDAmsterdam;twitter.com/VVDAmsterdam;vvd;;;;
DennisBoutkan;twitter.com/DennisBoutkan;pvda;amsterdam;;;2018
GroendeGrote;twitter.com/GroendeGrote;gl;amsterdam;;;
femkeroosma;twitter.com/femkeroosma;gl;amsterdam;;;
LeoBruijn;twitter.com/LeoBruijn;pvda;rotterdam;;;
AntonMolenaarLR;twitter.com/AntonMolenaarLR;leefbaar rotterdam;rotterdam;;;
RonaldBuijt;twitter.com/RonaldBuijt;leefbaar rotterdam;rotterdam;;;
QuerienVelter;twitter.com/QuerienVelter;sp;rotterdam;;;2017
KorrieLouwes;twitter.com/KorrieLouwes;d66;;;;2014
goncalves230766;twitter.com/goncalves230766;pvda;rotterdam;;;
BarbaraKathmann;twitter.com/BarbaraKathmann;pvda;rotterdam;;;
MvandeDonk;twitter.com/MvandeDonk;vvd;rotterdam;;;2017
RichardMoti;twitter.com/RichardMoti;pvda;;;;
KIESLIES;twitter.com/KIESLIES;gl;rotterdam;;;
MStruijvenberg;twitter.com/MStruijvenberg;leefbaar rotterdam;rotterdam;;;
m_de_boer;twitter.com/m_de_boer;cu;;;;2017
pvdarotterdam;twitter.com/pvdarotterdam;pvda;rotterdam;;;
engberts;twitter.com/engberts;pvda;rotterdam;;;
StelEsther;twitter.com/StelEsther;leefbaar rotterdam;rotterdam;;;
balstermartijn;twitter.com/balstermartijn;pvda;den haag;;;
Pieter_Grinwis;twitter.com/Pieter_Grinwis;cu;;;;
RSBaldewsingh;twitter.com/RSBaldewsingh;pvda;den haag;;;
eliasvanhees;twitter.com/eliasvanhees;pvv;;;;
FatimaFaid;twitter.com/FatimaFaid;artikel1;;;;
GroenLinksDH;twitter.com/GroenLinksDH;gl;den haag;partij;;
QueenyRaj;twitter.com/QueenyRaj;vvd;utrecht;;;
BouchraDibi;twitter.com/BouchraDibi;pvda;;;;
PvdDUtrecht;twitter.com/PvdDUtrecht;pvdd;utrecht;;;
sandervwaveren;twitter.com/sandervwaveren;cda;utrecht;Fractievoorzitter;;
MaartenOoijen;twitter.com/MaartenOoijen;cu;utrecht;Gemeenteraadslid;;
HeleBoer;twitter.com/HeleBoer;gl;utrecht;Fractievoorzitter;;
ArjanKleuver;twitter.com/ArjanKleuver;d66;utrecht;;;
MaartenKoning;twitter.com/MaartenKoning;d66;utrecht;Gemeenteraadslid;;
GroenLinks030;twitter.com/GroenLinks030;gl;;partij;;
MatthijsSienot;twitter.com/MatthijsSienot;d66;;;;
D66Utrecht;twitter.com/D66Utrecht;d66;utrecht;partij;;
VVDUtrecht;twitter.com/VVDUtrecht;vvd;utrecht;partij;;
pvdautrecht;twitter.com/pvdautrecht;pvda;utrecht;partij;;
emsent;twitter.com/emsent;pvda;;;;
ALBredenoord;twitter.com/ALBredenoord;d66;;;;
ArdaG;twitter.com/ArdaG;sp;;;;
daanwijnants;twitter.com/daanwijnants;vvd;amsterdam;;;
ReshmaRoopram;twitter.com/ReshmaRoopram;pvda;;;;
thierrybaudet;twitter.com/thierrybaudet;forumvoordemocratie;;;;
ncilla;twitter.com/ncilla;pp;;;;
LavieJanRoos;twitter.com/LavieJanRoos;vnl;;;;
MeierijstadGB;twitter.com/MeierijstadGB;gemeentebelang meierijstad;meierijstad;partij;;
LaurensVVoorst;twitter.com/LaurensVVoorst;hart voor schijndel;meierijstad;;;
PMHDowns;twitter.com/PMHDowns;pp;;;;
miesvandoorn;twitter.com/miesvandoorn;pvdd;;;;
JoramvKlaveren;twitter.com/JoramvKlaveren;vnl;;;;
AntjeDiertens;twitter.com/AntjeDiertens;d66;;;;
RichardvdBurgt;twitter.com/RichardvdBurgt;pvda;;;;
ElsRoumen;twitter.com/ElsRoumen;vp;;;;
JaapHaasnoot_KK;twitter.com/JaapHaasnoot_KK;50plus;;;;
mirthebiemans;twitter.com/mirthebiemans;pvda;;;;
Danielle_H_BE;twitter.com/Danielle_H_BE;gl;;;;
PattyHamerslag;twitter.com/PattyHamerslag;sp;;;;
MichielDulfer;twitter.com/MichielDulfer;pp;;;;
MustafaAmhaouch;twitter.com/MustafaAmhaouch;cda;;;;
LouRepetur;twitter.com/LouRepetur;pvda;;;;
GeertJeelof;twitter.com/GeertJeelof;forumvoordemocratie;;;;
havlieg;twitter.com/havlieg;cu;;;;
WimarBolhuis;twitter.com/WimarBolhuis;pvda;;;;
YerRamautarsing;twitter.com/YerRamautarsing;forumvoordemocratie;;;;
IlseRSmit;twitter.com/IlseRSmit;pvdd;;;;
sassenvanelsloo;twitter.com/sassenvanelsloo;vnl;;;;
bertpeterse;twitter.com/bertpeterse;sp;;;;
hvelzing;twitter.com/hvelzing;forumvoordemocratie;;;;
MarionvdKleij;twitter.com/MarionvdKleij;gl;;;;
TonHeerschop;twitter.com/TonHeerschop;sp;;;;
FransOerVla;twitter.com/FransOerVla;50plus;;;;
harryhaddering;twitter.com/harryhaddering;vp;;;;
gpeskens;twitter.com/gpeskens;pp;;;;
jimmydijk;twitter.com/jimmydijk;sp;;;;
rikgrashoff;twitter.com/rikgrashoff;gl;;;;
interminded;twitter.com/interminded;pp;;;;
andrevanwanrooy;twitter.com/andrevanwanrooy;50plus;;;;
DirkDubling;twitter.com/DirkDubling;vp;;;;
NevinOzutok;twitter.com/NevinOzutok;gl;;;;
cnijkerken;twitter.com/cnijkerken;vvd;;;;
ThomasRonnes;twitter.com/ThomasRonnes;pvda;;;;
RenePetersOss;twitter.com/RenePetersOss;cda;;;;
Lisawesterveld;twitter.com/Lisawesterveld;gl;;;;
larsjanssen_;twitter.com/larsjanssen_;pp;;;;
nilsmuller;twitter.com/nilsmuller;sp;;;;
SamirBashara;twitter.com/SamirBashara;gl;;;;
wielmae;twitter.com/wielmae;pp;;;;
ricobrouwer;twitter.com/ricobrouwer;pp;;;;
GerdoVanG;twitter.com/GerdoVanG;gl;;;;
BoswachterFrans;twitter.com/BoswachterFrans;gl;;;;
Cathelijne_GL;twitter.com/Cathelijne_GL;gl;;;;
hansboerwinkel;twitter.com/hansboerwinkel;sp;;;;
ewaldeng;twitter.com/ewaldeng;pvdd;;;;
N_is_Een;twitter.com/N_is_Een;pp;;;;
HuubBellemakers;twitter.com/HuubBellemakers;gl;;;;
DennisWiersma;twitter.com/DennisWiersma;vvd;;;;
WytskedePater;twitter.com/WytskedePater;cda;;;;
Roelof;twitter.com/Roelof;pvda;;;;
jhmarseille;twitter.com/jhmarseille;pp;;;;
AhmedAarad;twitter.com/AhmedAarad;geenpeil;;;;
har_reits;twitter.com/har_reits;de-ondernemerspartij;;;;
woodclan;twitter.com/woodclan;de-ondernemerspartij;;;;
marceldedood;twitter.com/marceldedood;geenpeil;;;;
AlptekinAkdogan;twitter.com/AlptekinAkdogan;geenpeil;;;;
chantalklaver;twitter.com/chantalklaver;geenpeil;;;;
MvRooijen;twitter.com/MvRooijen;50plus;;;;
Yvonbrinkerink;twitter.com/Yvonbrinkerink;ms-bip-vr;;;;
rob_vellekoop;twitter.com/rob_vellekoop;ms-bip-vr;;;;
royal32a;twitter.com/royal32a;lokaal-in-de-kamer;;;;
JWilshaus;twitter.com/JWilshaus;de-burger-beweging;;;;
janlona;twitter.com/janlona;d66;;;;
jLangenacker;twitter.com/jLangenacker;pvda;;;;
cwmjongmans;twitter.com/cwmjongmans;pvda;;;;
ankesiegers;twitter.com/ankesiegers;de-burger-beweging;;;;
SylvieJacobs;twitter.com/SylvieJacobs;ms-bip-vr;;;;
BertKroek;twitter.com/BertKroek;ms-bip-vr;;;;
GerardKuijpers;twitter.com/GerardKuijpers;vp;;;;
DicoBaars;twitter.com/DicoBaars;cu;;;;
MarioStam;twitter.com/MarioStam;pvda;;;;
FindingVoices;twitter.com/FindingVoices;de-burger-beweging;;;;
Ninavdburgt;twitter.com/Ninavdburgt;de-burger-beweging;;;;
ErikaMauritz;twitter.com/ErikaMauritz;ms-bip-vr;;;;
paulajorritsma;twitter.com/paulajorritsma;pvda;;;;
hvsteenbergen;twitter.com/hvsteenbergen;de-burger-beweging;;;;
RositaSP;twitter.com/RositaSP;sp;;;;
casperkloos;twitter.com/casperkloos;lokaal-in-de-kamer;;;;
kuiper2010;twitter.com/kuiper2010;ms-bip-vr;;;;
jolandakirp;twitter.com/jolandakirp;de-burger-beweging;;;;
Pieterhilhorst;twitter.com/Pieterhilhorst;pvda;;;;
stralingsvrij;twitter.com/stralingsvrij;de-burger-beweging;;;;
lexhupe;twitter.com/lexhupe;de-burger-beweging;;;;
GinnekenJos;twitter.com/GinnekenJos;cda;;;;
JohanKruithof;twitter.com/JohanKruithof;pvda;;;;
WallingaEd;twitter.com/WallingaEd;pvda;;;;
bertbeun;twitter.com/bertbeun;cda;;;;
HerremaTjeerd;twitter.com/HerremaTjeerd;pvda;;;;
hansverbraak;twitter.com/hansverbraak;cda;;;;
BiancaVerweij;twitter.com/BiancaVerweij;sp;;;;
Jelle_De_Graaf;twitter.com/Jelle_De_Graaf;pp;amsterdam;;;
ferdgrapperhaus;twitter.com/ferdgrapperhaus;cda;;;;
